date,ko_price_usd,pep_price_usd,residual_usd,z_score,ko_shares,pep_shares,gross_pnl_usd,transaction_cost_usd,borrow_cost_usd,financing_cost_usd,net_pnl_usd,equity_usd
2023-10-11,49.88172149658203,149.0408935546875,-4.546414469713454,-0.01766482744956829,0.0,0.0,0.0,0.0,0.0,0.0,0.0,100000.0
2023-10-12,49.045875549316406,144.88002014160156,-3.99042653400123,0.714931951192936,0.0,0.0,-0.0,0.0,-0.0,0.0,0.0,100000.0
2023-10-13,49.120174407958984,146.63966369628906,-4.504737632507343,0.01866211215374053,0.0,0.0,0.0,0.0,-0.0,0.0,0.0,100000.0
2023-10-16,49.62168502807617,147.62950134277344,-4.334332873647838,0.24025159940575658,0.0,0.0,0.0,0.0,-0.0,0.0,0.0,100000.0
2023-10-17,50.216068267822266,146.97877502441406,-3.522278282596133,1.30801181510307,0.0,0.0,0.0,0.0,-0.0,0.0,0.0,100000.0
2023-10-18,50.197486877441406,148.50018310546875,-4.049778620231805,0.5658428490758542,0.0,0.0,0.0,0.0,-0.0,0.0,0.0,100000.0
2023-10-19,50.47610855102539,147.15292358398438,-3.3204916018985386,1.5163343292754077,-2006.0275136894281,671.02667794645,0.0,100.0,-0.0,0.0,-100.0,99900.0
2023-10-20,50.680423736572266,146.63966369628906,-2.9444883038940617,1.952909671778997,-2006.0275136894281,671.02667794645,-754.2729610349454,0.0,4.018113592751235,19.591971718783505,-777.8830463464801,99122.11695365352
2023-10-23,50.22535705566406,146.7130126953125,-3.424090607972694,1.2505634135300907,-2006.0275136894281,671.02667794645,962.0954176105778,0.0,4.034377953214394,19.523636187560612,938.5374034698027,100060.65435712332
2023-10-24,51.674156188964844,148.6468048095703,-2.6221550343261413,2.2212902172826645,-2006.0275136894281,671.02667794645,-1608.7048249413026,0.0,3.99815270391022,19.53340188897835,-1632.2363795341912,98428.41797758912
2023-10-25,52.11994552612305,148.79344177246094,-2.2254165269303314,2.5792653923874047,0.0,0.0,-795.8683615760755,102.19920683509503,4.113483296101124,19.790867384666736,-921.9719190919384,97506.44605849718
2023-10-26,51.804176330566406,147.9319610595703,-2.25301592574138,2.372275223315499,-1974.5638707598125,660.5019250968129,-0.0,100.00000000000001,-0.0,0.0,-100.00000000000001,97406.44605849718
2023-10-27,51.302677154541016,146.29139709472656,-2.2057378892034833,2.2802548562097855,-1974.5638707598125,660.5019250968129,-93.35350282820514,0.0,4.05915297368282,19.386774814125587,-116.79943061601354,97289.64662788117
2023-10-30,52.1478157043457,148.7292938232422,-2.1760885247408552,2.1795256913706607,-1974.5638707598125,660.5019250968129,-58.544563858885795,0.0,4.019857650103631,19.17177567582722,-81.73619718481665,97207.91043069636
2023-10-31,52.46357727050781,149.64578247070312,-2.1668971966659996,2.0698231979338,-1974.5638707598125,660.5019250968129,-18.148864340911814,0.0,4.08607908050961,19.49126684296448,-41.726210264385905,97166.18422043197
2023-11-01,52.417144775390625,151.10302734375,-2.700785710926567,1.4316638839106361,-1974.5638707598125,660.5019250968129,1054.1969712725515,0.0,4.11082080195081,19.61137448502347,1030.4747759855773,98196.65899641755
2023-11-02,53.020809173583984,152.8993682861328,-2.6980067376840395,1.3822421051085454,-1974.5638707598125,660.5019250968129,-5.487260162501798,0.0,4.107182550867968,19.802349295337947,-29.396792008707713,98167.26220440885
2023-11-03,52.69575881958008,152.86270141601562,-3.0107918321750446,1.031262700586685,-1974.5638707598125,660.5019250968129,617.6141468941233,0.0,4.154483102881325,20.03776331330899,593.421900477933,98760.68410488678
2023-11-06,52.90936279296875,152.78021240234375,-2.7695948529907923,1.233572458377877,-1974.5638707598125,660.5019250968129,-476.2588408336227,0.0,4.129013551881569,20.03295804777334,-500.42081243327755,98260.2632924535
2023-11-07,53.104393005371094,153.2201385498047,-2.721722234020241,1.2409136230037274,-1974.5638707598125,660.5019250968129,-94.52754381790663,0.0,4.145750642695221,20.022147700088894,-118.69544216069075,98141.5678502928
2023-11-08,53.020809173583984,153.41259765625,-2.869684641852409,1.0613709997363618,-1974.5638707598125,660.5019250968129,292.1612247360331,0.0,4.1610323732950745,20.079800888044918,267.9203914746931,98409.4882417675
2023-11-09,52.6214599609375,152.2853240966797,-2.8919549626824335,1.0122723213980926,-1974.5638707598125,660.5019250968129,43.97417090119745,0.0,4.154483102881325,20.105023032947603,19.71466476536853,98429.20290653287
2023-11-10,52.67718505859375,152.98184204101562,-3.0692187543252345,0.8225918651252294,-1974.5638707598125,660.5019250968129,350.0186785717679,0.0,4.123191812123065,19.95729161306528,325.9381951465796,98755.14110167944
2023-11-13,52.872215270996094,153.7608642578125,-3.134775541162135,0.7624087433059895,-1974.5638707598125,660.5019250968129,129.4460627712424,0.0,4.127558191667771,20.048571661299082,105.26993291827554,98860.41103459772
2023-11-14,53.030094146728516,154.07249450683594,-3.081138610927873,0.8255117198520974,-1974.5638707598125,660.5019250968129,-105.90954457903871,0.0,4.1428399222676235,20.150664056911683,-130.20304855821803,98730.2079860395
2023-11-15,53.132259368896484,153.2843017578125,-2.7153187986062832,1.1760354751962456,-1974.5638707598125,660.5019250968129,-722.3345846183502,0.0,4.155210633536569,20.191503814728822,-746.6812990666156,97983.52668697288
2023-11-16,53.076534271240234,153.70590209960938,-2.912071412010178,0.9916827930114004,-1974.5638707598125,660.5019250968129,388.5006019049038,0.0,4.163215861970737,20.088209602808718,364.24917644012436,98347.775863413
2023-11-17,53.17869186401367,152.83518981933594,-2.5186560149983066,1.3481149330178177,-1974.5638707598125,660.5019250968129,-776.8238291402646,0.0,4.158849482426031,20.143461157844097,-801.1261397805347,97546.64972363246
2023-11-20,53.308719635009766,152.61524963378906,-2.315057103503243,1.5130150504631321,-1974.5638707598125,660.5019250968129,-402.0190547641785,0.0,4.166854113053578,20.02935259885083,-426.21526147608296,97120.43446215638
2023-11-21,53.89380645751953,153.7883758544922,-2.1223871273818347,1.6423487298809907,-1974.5638707598125,660.5019250968129,-380.4391738294795,0.0,4.177042531260099,20.000529004414357,-404.616745365154,96715.81771679122
2023-11-22,54.256011962890625,155.08978271484375,-2.1955090121881184,1.5200035896944295,-1974.5638707598125,660.5019250968129,144.38383190034517,0.0,4.2228874241563465,20.154269505834186,120.00667497035465,96835.82439176158
2023-11-24,54.39531707763672,155.22723388671875,-2.1021820321454214,1.5479153164916313,-1974.5638707598125,660.5019250968129,-184.2800829594363,0.0,4.251268293390317,20.324821437698557,-208.85617269052517,96626.96821907104
2023-11-27,54.29315948486328,154.26492309570312,-1.882441640548933,1.678821527184598,-1974.5638707598125,660.5019250968129,-433.89143819303376,0.0,4.2621836444454635,20.342834684450587,-458.4964565219298,96168.47176254912
2023-11-28,54.40460205078125,154.75987243652344,-1.9365622135490383,1.566567993002115,-1974.5638707598125,660.5019250968129,106.864528110825,0.0,4.254179013817915,20.216721960242797,82.3936271367643,96250.86538968589
2023-11-29,54.07955551147461,153.20181274414062,-1.7404296502325778,1.6722743623438487,-1974.5638707598125,660.5019250968129,-387.27627340419383,0.0,4.262911175100708,20.281586046043834,-411.8207706253384,95839.04461906054
2023-11-30,54.70675277709961,155.41354370117188,-1.8530679384472322,1.5175826142777116,-1974.5638707598125,660.5019250968129,222.41149437288664,0.0,4.237441923004264,20.07739925512427,198.0966531947581,96037.1412722553
2023-12-01,54.89398193359375,155.782958984375,-1.789410123113079,1.5119206992463703,-1974.5638707598125,660.5019250968129,-125.69642225031663,0.0,4.286586409533727,20.367250952528114,-150.35025961237847,95886.79101264293
2023-12-04,54.82844543457031,156.19851684570312,-1.993952896616122,1.2963357520333398,-1974.5638707598125,660.5019250968129,403.8827705841064,0.0,4.301256882865718,20.41566355286856,379.1658501483721,96265.95686279131
2023-12-05,54.912696838378906,155.09033203125,-1.5390078859060239,1.602326314760201,-1974.5638707598125,660.5019250968129,-898.3179813305884,0.0,4.29612172400906,20.47012322893926,-923.0842262835367,95342.87263650777
2023-12-06,54.85653305053711,154.6932373046875,-1.4623414142539133,1.6013102772713768,-1974.5638707598125,660.5019250968129,-151.38284502289244,0.0,4.302723302501967,20.324893426695347,-176.01046175208975,95166.86217475569
2023-12-07,54.98759460449219,154.64707946777344,-1.3158398228346044,1.6592934970843125,-1974.5638707598125,660.5019250968129,-289.27674942537806,0.0,4.298322549076672,20.272853380794487,-313.84792535524923,94853.01424940044
2023-12-08,54.86589813232422,153.00326538085938,-0.8876718996360182,1.9387146183147748,-1974.5638707598125,660.5019250968129,-845.4449117661999,0.0,4.308591970080058,20.266804305369874,-870.0203080416499,93982.99394135879
2023-12-11,55.268428802490234,154.9795379638672,-1.1462147277359307,1.6762363873646795,-1974.5638707598125,660.5019250968129,510.50932741016186,0.0,4.299056356701415,20.051379232173844,486.1588918212866,94469.15283318007
2023-12-12,55.624149322509766,155.5797882080078,-0.9912810486313788,1.7535579878439793,-1974.5638707598125,660.5019250968129,-305.92644512374426,0.0,4.33059693281977,20.31037364598192,-330.567415702546,94138.58541747752
2023-12-13,56.101566314697266,158.8489227294922,-1.6074066239020723,1.2179309251741617,-1974.5638707598125,660.5019250968129,1216.5793007806205,0.0,4.358469666427647,20.38903762252849,1191.8317934916643,95330.41721096919
2023-12-14,55.268428802490234,155.3766326904297,-1.2790449872298453,1.4397569509892079,-1974.5638707598125,660.5019250968129,-648.3710243165528,0.0,4.395878013414165,20.817464139361995,-673.584366469329,94656.83284449986
2023-12-15,54.85653305053711,154.22225952148438,-1.3047968865280026,1.3736112839099948,-1974.5638707598125,660.5019250968129,50.84876995759873,0.0,4.33059693281977,20.36241369188278,26.15575933289618,94682.98860383275
2023-12-18,55.24970245361328,155.9861297607422,-1.5016512886592324,1.1756207181995748,-1974.5638707598125,660.5019250968129,388.70159024835016,0.0,4.298322549076672,20.21113081482554,364.19213688444796,95047.1807407172
2023-12-19,55.071842193603516,155.0995635986328,-1.3829505381742635,1.2336445114452432,-1974.5638707598125,660.5019250968129,-234.3822133397058,0.0,4.329129616473593,20.442289483208622,-259.153632439388,94788.02710827782
2023-12-20,53.929771423339844,153.01248168945312,-1.8268815119686224,0.8441723267397725,-1974.5638707598125,660.5019250968129,876.5700619655613,0.0,4.3151932496696555,20.326103241780267,851.9287654741114,95639.95587375193
2023-12-21,54.285499572753906,154.194580078125,-1.8665714459772857,0.785098406227697,-1974.5638707598125,660.5019250968129,78.37030972635785,0.0,4.225705484558009,20.05258704756441,54.09201719423543,95694.04789094617
2023-12-22,54.594417572021484,154.8502197265625,-1.7769683325817596,0.8321747796670627,-1974.5638707598125,660.5019250968129,-176.92707041839964,0.0,4.253578815972504,20.20750336926513,-201.38815260363728,95492.65973834253
2023-12-26,54.819087982177734,155.93995666503906,-1.9168206184859358,0.6873706578116274,-1974.5638707598125,660.5019250968129,276.147270989557,0.0,4.277784304876518,20.293426236321235,251.57606044835927,95744.23579879089
2023-12-27,54.959503173828125,156.43861389160156,-1.9432088728953758,0.6388355618198297,-1974.5638707598125,660.5019250968129,52.10529376929264,0.0,4.295388514190936,20.43623840808966,27.37366684701205,95771.6094656379
2023-12-28,54.9969482421875,156.4293975830078,-1.9026809011877717,0.6496936893401954,-1974.5638707598125,660.5019250968129,-80.02506868901146,0.0,4.306390846109138,20.50158841961902,-104.83304795473961,95666.77641768316
2023-12-29,55.16545104980469,156.84498596191406,-1.873194576339415,0.6529676936067059,-1974.5638707598125,660.5019250968129,-58.22263172704794,0.0,4.309324880994873,20.50038060422845,-83.03233721227126,95583.74408047089
2024-01-02,55.99859619140625,159.68006896972656,-1.9883995044415244,0.5218900588458248,-1974.5638707598125,660.5019250968129,227.47948876390547,0.0,4.322528037980686,20.554844279687867,202.60211644623692,95786.34619691713
2024-01-03,56.12965393066406,159.71701049804688,-1.8696988992997134,0.6170562423874056,-1974.5638707598125,660.5019250968129,-234.38192635035165,0.0,4.3878097163817,20.92638749089211,-259.69612355762547,95526.6500733595
2024-01-04,55.94243240356445,158.35025024414062,-1.5997319848304414,0.872171392641449,-1974.5638707598125,660.5019250968129,-533.0669156115191,0.0,4.3980788384817755,20.93122875092616,-558.396223200927,94968.25385015858
2024-01-05,55.858177185058594,156.01382446289062,-0.9024405796924597,1.6245628171835182,-1974.5638707598125,660.5019250968129,-1376.8464159768064,0.0,4.383408962956404,20.752112128138283,-1401.981937067901,93566.27191309068
2024-01-08,56.27006912231445,156.17079162597656,-0.5430549781042089,2.0287431576058914,-1974.5638707598125,660.5019250968129,-709.6298245674403,0.0,4.376807085560189,20.445918928463392,-734.4525505814639,92831.81936250921
2024-01-09,56.16709899902344,154.37924194335938,-0.046742377853902894,2.578802455130391,0.0,0.0,-980.0009290571137,106.43665545371842,4.409081170399978,20.46648978429578,-1111.3131554655279,91720.50620704368
2024-01-10,56.35432815551758,154.1483612060547,0.21771759082907494,2.7606739223520598,0.0,0.0,0.0,0.0,-0.0,0.0,0.0,91720.50620704368
2024-01-11,55.98923873901367,153.4188232421875,0.09666243257383655,2.5301558268742776,0.0,0.0,-0.0,0.0,-0.0,0.0,0.0,91720.50620704368
2024-01-12,56.53218460083008,154.4716033935547,0.28744783659043094,2.6767696300770356,0.0,0.0,0.0,0.0,-0.0,0.0,0.0,91720.50620704368
2024-01-16,56.15774154663086,153.45578002929688,0.2528030019304097,2.482809002887669,-1860.64683229568,622.3960809045286,-0.0,100.00000000000001,-0.0,0.0,-100.00000000000001,91620.50620704368
2024-01-17,56.15774154663086,153.70510864257812,0.1694012789004944,2.3019211344352506,-1860.64683229568,622.3960809045286,155.1811517636108,0.0,4.146417615778501,18.95045160364718,132.08428254418516,91752.59048958786
2024-01-18,56.31687545776367,154.37924194335938,0.10303408088633148,2.118102985774118,-1860.64683229568,622.3960809045286,123.48591675339395,0.0,4.146417615778501,18.981241514711392,100.35825762290406,91852.94874721077
2024-01-19,56.007957458496094,153.09559631347656,0.22350224746278968,2.1426873265350195,-1860.64683229568,622.3960809045286,-224.14871253294916,0.0,4.158167298622154,19.064491102888667,-247.37137093445997,91605.57737627631
2024-01-22,55.764564514160156,152.47683715820312,0.18708747146136773,2.0168218078229367,-1860.64683229568,622.3960809045286,67.75503761579665,0.0,4.135358278908808,18.90597205342254,44.7137072834653,91650.29108355977
2024-01-23,56.026676177978516,154.8132781982422,-0.33235259250873384,1.3858263698521027,-1860.64683229568,622.3960809045286,966.4945095934327,0.0,4.117387314191277,18.82956068967929,943.5475615895621,92593.83864514933
2024-01-24,55.146732330322266,152.9293670654297,-0.5821183292613554,1.0830957693618248,-1860.64683229568,622.3960809045286,464.72582690476315,0.0,4.136740379151252,19.11809079812866,441.4709957274832,93035.30964087682
2024-01-25,55.38076400756836,153.81591796875,-0.6446425583653834,0.9852933366911413,-1860.64683229568,622.3960809045286,116.33550882414283,0.0,4.0717695564234875,18.885444189828082,93.37829507789127,93128.6879359547
2024-01-26,55.57733917236328,155.01646423339844,-0.8496563878342656,0.7490860267306347,-1860.64683229568,622.3960809045286,381.45833237808586,0.0,4.0890493301903446,18.994925500889376,358.3743575470061,93487.0622935017
2024-01-29,55.91435241699219,155.28424072265625,-0.6022157770763528,0.9731069209118743,-1860.64683229568,622.3960809045286,-460.3995885880274,0.0,4.103563495177791,19.14318250288576,-483.646334586091,93003.4159589156
2024-01-30,56.07349395751953,156.6417999267578,-0.8971848789142669,0.6491030649709469,-1860.64683229568,622.3960809045286,548.8333249598268,0.0,4.128446932719873,19.17625056587632,525.5286274612306,93528.94458637683
2024-01-31,55.6896858215332,155.6351776123047,-0.9442725945650139,0.5769773162346622,-1860.64683229568,622.3960809045286,87.61360896559995,0.0,4.140197178881335,19.343897297667723,64.12951448905089,93593.07410086588
2024-02-01,57.08449172973633,158.56263732910156,-0.5287172475724873,0.9737440120691118,-1860.64683229568,622.3960809045286,-773.2017400251875,0.0,4.111858631562595,19.219588213646563,-796.5331868703967,92796.54091399549
2024-02-02,56.67259979248047,157.88848876953125,-0.7151029715367514,0.7529142459439255,-1860.64683229568,622.3960809045286,346.79800687925007,0.0,4.214844393259637,19.58110397847598,323.00205850751445,93119.542972503
2024-02-05,56.20454406738281,157.8423309326172,-1.167718659170177,0.25629971080339065,-1860.64683229568,622.3960809045286,842.1579454424689,0.0,4.184432273088873,19.497852505971217,818.4756606634088,93938.0186331664
2024-02-06,56.110931396484375,158.30406188964844,-1.4157827461570633,-0.02850589820954065,0.0,0.0,461.55965765846304,101.465227235707,4.149873288872969,19.492152415336623,336.4524047185464,94274.47103788494
2024-02-07,56.15774154663086,158.35025024414062,-1.3844228417640352,-0.021445284473311597,0.0,0.0,0.0,0.0,-0.0,0.0,0.0,94274.47103788494
2024-02-08,56.007957458496094,160.54815673828125,-2.2694181287161115,-1.0260089888978365,0.0,0.0,0.0,0.0,-0.0,0.0,0.0,94274.47103788494
2024-02-09,55.75520324707031,154.84097290039062,-0.6130895458954697,0.8044878490320698,0.0,0.0,-0.0,0.0,-0.0,0.0,0.0,94274.47103788494
2024-02-12,55.88626480102539,157.55604553222656,-1.3902339642370691,-0.12372762116320422,0.0,0.0,0.0,0.0,-0.0,0.0,0.0,94274.47103788494
2024-02-13,55.55862045288086,155.9584197998047,-1.1834641627685016,0.08768657874937584,0.0,0.0,-0.0,0.0,-0.0,0.0,0.0,94274.47103788494
2024-02-14,55.5024528503418,154.7024688720703,-0.8195096219420677,0.5116113773786243,0.0,0.0,-0.0,0.0,-0.0,0.0,0.0,94274.47103788494
2024-02-15,55.60542678833008,155.01646423339844,-0.8215687718674687,0.48329432984966464,0.0,0.0,0.0,0.0,-0.0,0.0,0.0,94274.47103788494
2024-02-16,55.596065521240234,153.5942840576172,-0.35520334414213295,1.075152306418565,0.0,0.0,-0.0,0.0,-0.0,0.0,0.0,94274.47103788494
2024-02-20,56.8223876953125,155.74600219726562,0.15135787686628532,1.7212424609731534,-1836.206038872802,614.2205078852104,0.0,100.0,-0.0,0.0,-100.0,94174.47103788494
2024-02-21,57.32788848876953,155.9122314453125,0.6012541188736265,2.2526106163189406,-1836.206038872802,614.2205078852104,-826.1021964400657,0.0,4.140381405924778,18.980632652915794,-849.2232104989063,93325.24782738603
2024-02-22,57.24364471435547,155.3766326904297,0.6961709246353891,2.2650906808789277,-1836.206038872802,614.2205078852104,-174.2868119302678,0.0,4.177214882496238,19.00089086981276,-197.46491768257678,93127.78290970346
2024-02-23,57.29043960571289,156.62330627441406,0.32594699255401594,1.6814540508416451,-1836.206038872802,614.2205078852104,679.8074198230636,0.0,4.17107643299955,18.93561790567649,656.7007254843875,93784.48363518785
2024-02-26,56.83174133300781,155.38584899902344,0.2811846399395037,1.5590937945742316,-1836.206038872802,614.2205078852104,82.19290218490949,0.0,4.1744861576860135,19.087548953676876,58.930867073546594,93843.4145022614
2024-02-27,56.48537826538086,155.2935028076172,-0.034288144469755366,1.1108876615429484,-1836.206038872802,614.2205078852104,579.2730318323083,0.0,4.1410629617192845,18.936741089356108,556.1952277812329,94399.60973004263
2024-02-28,56.541542053222656,154.2499542236328,0.3709480936790044,1.5764638257365104,-1836.206038872802,614.2205078852104,-744.0972276588533,0.0,4.115825106305827,18.925486937652376,-767.1385397028115,93632.47119033983
2024-02-29,56.18581771850586,153.85447692871094,0.14751297912679462,1.243482650735326,-1836.206038872802,614.2205078852104,410.2729066370092,0.0,4.11991749862333,18.79831056041869,387.35467857796715,94019.82586891779
2024-03-01,55.72711944580078,153.15658569335938,-0.07773703126377285,0.9256756676290339,-1836.206038872802,614.2205078852104,413.6054293353142,0.0,4.093997531497101,18.75011407927901,390.7613177245381,94410.58718664233
2024-03-04,55.98923873901367,153.8824005126953,-0.05840658501317364,0.9201630422009378,-1836.206038872802,614.2205078852104,-35.49468213944874,0.0,4.060574335530371,18.665062668757923,-58.22031914373703,94352.36686749858
2024-03-05,55.71776580810547,150.78372192382812,0.7066446520284231,1.8397899443940797,-1836.206038872802,614.2205078852104,-1404.7917015028895,0.0,4.079673741447141,18.75351710267918,-1427.6248923470157,92924.74197515157
2024-03-06,55.74584197998047,151.67701721191406,0.4359088856329052,1.4283930872090276,-1836.206038872802,614.2205078852104,497.1266491943041,0.0,4.059892779735865,18.37588378191985,474.69087263264834,93399.43284778422
2024-03-07,55.64287185668945,151.77938842773438,0.2986950561113062,1.2110614056788886,-1836.206038872802,614.2205078852104,251.9528623844187,0.0,4.061938558955916,18.484748917939612,229.40617490752317,93628.83902269174
2024-03-08,55.71776580810547,151.7235565185547,0.3922650726782706,1.2846636256258888,-1836.206038872802,614.2205078852104,-171.81382947768273,0.0,4.05443560807455,18.497224810831277,-194.36548989658857,93434.47353279515
2024-03-11,56.39176940917969,153.28684997558594,0.5433388495260019,1.4179892777066734,-1836.206038872802,614.2205078852104,-277.4025813631348,0.0,4.059892779735865,18.490420623606564,-299.95289476647724,93134.52063802867
2024-03-12,56.63515853881836,153.1100311279297,0.8458748069780597,1.7170292908581584,-1836.206038872802,614.2205078852104,-555.5183520496241,0.0,4.109004267137234,18.6809378658985,-578.3082941826599,92556.21234384601
2024-03-13,57.21554946899414,153.8172607421875,1.1896937383341637,2.0405694833444223,-1836.206038872802,614.2205078852104,-631.3223980348773,0.0,4.126738893710191,18.659389103515345,-654.1085260321029,91902.10381781391
2024-03-14,57.088165283203125,153.33338928222656,1.2241670824698048,1.9763628595291831,-1836.206038872802,614.2205078852104,-63.3001626820074,0.0,4.169029263983832,18.745578574321076,-86.2147705203123,91815.8890472936
2024-03-15,56.50313186645508,153.2217254638672,0.6764857960236554,1.288555680787169,-1836.206038872802,614.2205078852104,1005.6556855500552,0.0,4.159747374650247,18.68660957156545,982.8093286038395,92798.69837589744
2024-03-18,56.73902893066406,159.3632354736328,-1.1419843063714055,-0.7153112603843051,-1836.206038872802,614.2205078852104,3339.0857835274433,0.0,4.117118728111551,18.67300119711603,3316.295663602216,96114.99403949965
2024-03-19,56.83338928222656,159.86573791503906,-1.2157136453120287,-0.802109074713017,-1836.206038872802,614.2205078852104,135.38225740488193,0.0,4.134307442946983,19.421461791834346,111.8264881701006,96226.82052766976
2024-03-20,57.324066162109375,159.92156982421875,-0.743712830580165,-0.30639528380906533,-1836.206038872802,614.2205078852104,-866.6907463635362,0.0,4.141183040064809,19.482701336432385,-890.3146307400333,95336.50589692972
2024-03-21,57.05985641479492,160.4705810546875,-1.1915697011881505,-0.834130278372698,-1836.206038872802,614.2205078852104,822.3574903610559,0.0,4.176936367444813,19.489505523657098,798.691048469954,96135.19694539967
2024-03-22,57.078731536865234,160.07044982910156,-1.038848594845291,-0.6832046870469084,-1836.206038872802,614.2205078852104,-280.4274177300953,0.0,4.1576846399230725,19.55641305477083,-304.1415154247892,95831.05542997488
2024-03-25,56.99380111694336,160.61016845703125,-1.3043177139893842,-1.0211450940528448,-1836.206038872802,614.2205078852104,487.45599970663136,0.0,4.159059981713945,19.507649403064455,463.78929032185295,96294.84472029674
2024-03-26,57.12590789794922,160.73114013671875,-1.2126765915013422,-0.9441640832868092,-1836.206038872802,614.2205078852104,-168.27198252162253,0.0,4.152871499573288,19.573424452620426,-191.99827847381624,96102.84644182293
2024-03-27,57.58827590942383,161.51278686523438,-1.011773492139973,-0.7351234988965046,-1836.206038872802,614.2205078852104,-368.8994842756064,0.0,4.162497502313724,19.58816716820324,-392.6501489461234,95710.1962928768
2024-03-28,57.72982406616211,162.85272216796875,-1.3184406907351587,-1.1457584134098446,-1836.206038872802,614.2205078852104,563.104161984685,0.0,4.196188094966553,19.683425789349204,539.2245481003691,96249.42084097717
2024-04-01,57.25801467895508,160.96377563476562,-1.1583875993151977,-0.9847851097863523,-1836.206038872802,614.2205078852104,-293.89045300560406,0.0,4.206502046561559,19.846722563591037,-317.94367761575666,95931.47716336141
2024-04-02,56.75790786743164,159.53076171875,-1.179143773345892,-1.0487648318050258,-1836.206038872802,614.2205078852104,38.11261209906684,0.0,4.172123505054161,19.616518258235473,14.323970335777204,95945.8011336972
2024-04-03,56.45594787597656,157.89300537109375,-0.9332657148470744,-0.7515147026616545,-1836.206038872802,614.2205078852104,-451.48277584185496,0.0,4.135683062696988,19.44187807265974,-475.0603369772117,95470.74079671998
2024-04-04,55.95583724975586,157.86509704589844,-1.4240408605646095,-1.3874352348388772,-1836.206038872802,614.2205078852104,901.1642862952233,0.0,4.113680651593504,19.242286101300685,877.8083195423291,96348.54911626231
2024-04-05,56.153995513916016,157.39051818847656,-1.0671334905491108,-0.8913418082724566,-1836.206038872802,614.2205078852104,-655.3554681406778,0.0,4.077239931277198,19.238884937476143,-678.671593009431,95669.87752325287
2024-04-08,55.927528381347656,157.79995727539062,-1.430560135605944,-1.3273990817846597,-1836.206038872802,614.2205078852104,667.3262003406412,0.0,4.091678796408286,19.181048416278276,644.0534731279547,96313.93099638082
2024-04-09,56.35215759277344,158.75839233398438,-1.3265324558175493,-1.1495319590854038,-1836.206038872802,614.2205078852104,-191.01625383737087,0.0,4.075177196550023,19.23094640911804,-214.32237744303893,96099.60861893778
2024-04-10,55.59726333618164,157.21371459960938,-1.5647239446147196,-1.4096014843764075,-1836.206038872802,614.2205078852104,437.3686501374633,0.0,4.106117939498509,19.34775007349591,413.9147821244689,96513.52340106225
2024-04-11,55.719940185546875,156.66470336914062,-1.2583999719559529,-0.9789151544065026,-1836.206038872802,614.2205078852104,-562.4739284475323,0.0,4.0511123286784985,19.159501513470754,-585.6845422896816,95927.83885877256
2024-04-12,54.99335479736328,156.42276000976562,-1.904054043103912,-1.7466517540681172,-1836.206038872802,614.2205078852104,1185.5539044646875,0.0,4.0600512164417655,19.09259398235702,1162.4012592658887,97090.24011803845
2024-04-15,54.86125564575195,155.3526153564453,-1.6781842203421107,-1.397485492945047,-1836.206038872802,614.2205078852104,-414.74353255435017,0.0,4.00710834034893,19.063108551191394,-437.8137494458905,96652.42636859255
2024-04-16,54.785770416259766,155.8644256591797,-1.9248726685533484,-1.6434570444143166,-1836.206038872802,614.2205078852104,452.97081832564515,0.0,3.9974828935267595,18.932690933637218,430.0406444984812,97082.46701309104
2024-04-17,55.21038818359375,157.7069091796875,-2.1165752594898137,-1.8050163619410529,-1836.206038872802,614.2205078852104,352.0054551450904,0.0,3.991982638199805,18.995064819368643,329.018407687522,97411.48542077855
2024-04-18,55.587833404541016,160.30308532714844,-2.6075645159892176,-2.2976700577347167,-1836.206038872802,614.2205078852104,901.5574378058776,0.0,4.02292254727089,19.2196067169354,878.3149085416713,98289.80032932022
2024-04-19,56.77677536010742,162.0338897705078,-1.9975856842467508,-1.4819691053963402,-1836.206038872802,614.2205078852104,-1120.0468144300996,0.0,4.050425213701328,19.536000493096694,-1143.6332401368977,97146.16708918332
2024-04-22,57.135345458984375,164.20204162597656,-2.364273702185372,-1.8320552716738558,-1836.206038872802,614.2205078852104,673.3147529211977,0.0,4.137057848569593,19.746932156638394,649.4307629159897,97795.59785209931
2024-04-23,57.22026824951172,159.3260040283203,-0.6482908746600415,0.0792985905994921,0.0,0.0,-3150.898030504042,101.46475060963553,4.16318517320916,20.011162976844403,-3276.537129263731,94519.06072283558
2024-04-24,58.07895278930664,165.08602905273438,-1.7163647819176973,-1.0644759056315127,0.0,0.0,0.0,0.0,-0.0,0.0,0.0,94519.06072283558
2024-04-25,58.25823974609375,164.40673828125,-1.3098515151033112,-0.6051039741814747,0.0,0.0,0.0,0.0,-0.0,0.0,0.0,94519.06072283558
2024-04-26,58.25823974609375,163.38316345214844,-0.967460390099049,-0.23499305340076126,0.0,0.0,0.0,0.0,-0.0,0.0,0.0,94519.06072283558
2024-04-29,58.54132080078125,163.90423583984375,-0.8586807699126808,-0.11983555930877546,0.0,0.0,0.0,0.0,-0.0,0.0,0.0,94519.06072283558
2024-04-30,58.28654098510742,163.69024658203125,-1.0418800614878876,-0.30735643227448145,0.0,0.0,-0.0,0.0,-0.0,0.0,0.0,94519.06072283558
2024-05-01,58.43751907348633,162.98301696777344,-0.6543299742893041,0.10718777782164174,0.0,0.0,0.0,0.0,-0.0,0.0,0.0,94519.06072283558
2024-05-02,58.494144439697266,163.26219177246094,-0.6910900379777161,0.059505615877924176,0.0,0.0,0.0,0.0,-0.0,0.0,0.0,94519.06072283558
2024-05-03,58.66398620605469,163.91354370117188,-0.7391288928551702,-0.003986324608509296,0.0,0.0,0.0,0.0,-0.0,0.0,0.0,94519.06072283558
2024-05-06,58.83383560180664,163.60647583007812,-0.46656369084532656,0.2747593961344889,0.0,0.0,0.0,0.0,-0.0,0.0,0.0,94519.06072283558
2024-05-07,59.08860778808594,165.65365600585938,-0.8965839628637866,-0.22017756613195305,0.0,0.0,0.0,0.0,-0.0,0.0,0.0,94519.06072283558
2024-05-08,59.30563735961914,165.08602905273438,-0.48968021160519726,0.22837987021367803,0.0,0.0,0.0,0.0,-0.0,0.0,0.0,94519.06072283558
2024-05-09,59.33395004272461,165.6908721923828,-0.6636907169442026,0.022537426552917603,0.0,0.0,0.0,0.0,-0.0,0.0,0.0,94519.06072283558
2024-05-10,59.6925163269043,167.30068969726562,-0.8436167939260173,-0.18434202694460275,0.0,0.0,0.0,0.0,-0.0,0.0,0.0,94519.06072283558
2024-05-13,59.994476318359375,168.3336181640625,-0.8871767681249807,-0.23168151449313312,0.0,0.0,0.0,0.0,-0.0,0.0,0.0,94519.06072283558
2024-05-14,59.54153823852539,167.37513732910156,-1.0194980038877262,-0.3755765936164658,0.0,0.0,-0.0,0.0,-0.0,0.0,0.0,94519.06072283558
2024-05-15,59.56985092163086,166.99363708496094,-0.863571497086177,-0.19237591757516576,0.0,0.0,0.0,0.0,-0.0,0.0,0.0,94519.06072283558
2024-05-16,59.7491340637207,170.3900604248047,-1.820409696843484,-1.2320722901095895,0.0,0.0,0.0,0.0,-0.0,0.0,0.0,94519.06072283558
2024-05-17,59.475486755371094,169.53399658203125,-1.8076991797862831,-1.1803049817224935,0.0,0.0,-0.0,0.0,-0.0,0.0,0.0,94519.06072283558
2024-05-20,59.04143142700195,167.78457641601562,-1.6565643278996376,-0.9768391599440999,0.0,0.0,-0.0,0.0,-0.0,0.0,0.0,94519.06072283558
2024-05-21,59.36225509643555,168.50108337402344,-1.5754159772124083,-0.8535596262521465,0.0,0.0,0.0,0.0,-0.0,0.0,0.0,94519.06072283558
2024-05-22,59.44718551635742,169.44091796875,-1.8048651366406858,-1.0861919805524567,0.0,0.0,0.0,0.0,-0.0,0.0,0.0,94519.06072283558
2024-05-23,58.5885009765625,166.81683349609375,-1.7857797184857702,-1.0286991868043889,0.0,0.0,-0.0,0.0,-0.0,0.0,0.0,94519.06072283558
2024-05-24,58.503578186035156,165.62574768066406,-1.4722780844113998,-0.637309560799016,0.0,0.0,-0.0,0.0,-0.0,0.0,0.0,94519.06072283558
2024-05-28,58.3337287902832,161.3359832763672,-0.207178887611839,0.8529821876271625,0.0,0.0,-0.0,0.0,-0.0,0.0,0.0,94519.06072283558
2024-05-29,58.22050094604492,159.26087951660156,0.37372631109541743,1.5319248748671908,-1793.8169450589069,600.041134666752,-0.0,100.0,-0.0,0.0,-100.0,94419.06072283558
2024-05-30,58.47526931762695,158.6374053955078,0.8370500316983964,2.0394458110972127,-1793.8169450589069,600.041134666752,-831.1179410653614,0.0,4.1443222677314875,18.96092834388224,-854.223191676975,93564.8375311586
2024-05-31,59.381126403808594,160.88929748535156,0.9896374554103531,2.2012628882640595,-1793.8169450589069,600.041134666752,-273.7139062573865,0.0,4.162457498763588,18.886700145656754,-296.76306390180685,93268.0744672568
2024-06-03,59.381126403808594,159.3353271484375,1.5094486472762938,2.7303012383392273,0.0,0.0,-932.4461242003889,101.06331062724165,4.226939315866536,19.154800916437885,-1056.891175059935,92211.18329219686
2024-06-04,60.33416748046875,161.81056213378906,1.6345106967183654,2.7229195148441927,0.0,0.0,0.0,0.0,-0.0,0.0,0.0,92211.18329219686
2024-06-05,60.31529998779297,161.43833923339844,1.740153707811963,2.6923795033917877,0.0,0.0,-0.0,0.0,-0.0,0.0,0.0,92211.18329219686
2024-06-06,60.53232955932617,161.16845703125,2.0474602851732016,2.8661990566021864,0.0,0.0,0.0,0.0,-0.0,0.0,0.0,92211.18329219686
2024-06-07,60.30585861206055,160.4134979248047,2.0735271010869596,2.750047363708065,0.0,0.0,-0.0,0.0,-0.0,0.0,0.0,92211.18329219686
2024-06-10,60.00390625,155.59283447265625,3.3841118352119395,3.8462731540596087,0.0,0.0,-0.0,0.0,-0.0,0.0,0.0,92211.18329219686
2024-06-11,59.966163635253906,154.8144073486328,3.606757158065051,3.681946459061507,0.0,0.0,-0.0,0.0,-0.0,0.0,0.0,92211.18329219686
2024-06-12,59.33395004272461,153.65145874023438,3.3635559474650663,3.135058018472582,0.0,0.0,-0.0,0.0,-0.0,0.0,0.0,92211.18329219686
2024-06-13,59.437747955322266,153.18252563476562,3.6242144324100494,3.040001953782862,0.0,0.0,0.0,0.0,-0.0,0.0,0.0,92211.18329219686
2024-06-14,59.480533599853516,153.63267517089844,3.516422706616602,2.7094992986607727,0.0,0.0,0.0,0.0,-0.0,0.0,0.0,92211.18329219686
2024-06-17,59.547096252441406,155.8179473876953,2.8520003921294617,2.099932307102161,-1791.007139281486,599.1012399626012,0.0,100.0,-0.0,0.0,-100.0,92111.18329219686
2024-06-18,59.556610107421875,156.1367950439453,2.754858041208273,1.9310377898586173,-1791.007139281486,599.1012399626012,173.98264402643596,0.0,4.232114067920809,18.521969342935638,151.2285606155795,92262.41185281244
2024-06-20,59.12868881225586,156.3243865966797,2.264186392129787,1.5519729109314737,-1791.007139281486,599.1012399626012,878.7964265425877,0.0,4.232790233880813,18.55987053861392,856.003765770093,93118.41561858253
2024-06-21,59.689735412597656,156.88711547851562,2.636997243168018,1.7058536144289282,-1791.007139281486,599.1012399626012,-667.7068958110865,0.0,4.2023771348850625,18.58216941398092,-690.4914423599525,92427.92417622257
2024-06-24,60.83085632324219,157.63739013671875,3.527147363030366,2.1347549324994164,-1791.007139281486,599.1012399626012,-1594.265219705737,0.0,4.242251677213703,18.64906059867748,-1617.1565319816284,90810.76764424094
2024-06-25,60.70723342895508,156.9527587890625,3.63253722938623,2.077590988287072,-1791.007139281486,599.1012399626012,-188.75400305127278,0.0,4.3233530937909945,18.738245217336612,-211.81560136240037,90598.95204287855
2024-06-26,60.906925201416016,156.3806610107422,4.023598695945125,2.1759540599599214,-1791.007139281486,599.1012399626012,-700.3938785048617,0.0,4.314567003066913,18.656863572634606,-723.3653090805633,89875.58673379799
2024-06-27,60.7737922668457,155.9304656982422,4.0410584441333555,2.0656380394978733,-1791.007139281486,599.1012399626012,-31.27053365517608,0.0,4.328759439183314,18.588858713830724,-54.18815180819012,89821.3985819898
2024-06-28,60.52656173706055,154.68309020996094,4.211081528439344,2.043040799906019,-1791.007139281486,599.1012399626012,-304.5125578346931,0.0,4.3192974536162945,18.53534431503229,-327.36719960334165,89494.03138238646
2024-07-01,60.17471694946289,152.7698516845703,4.499225017697796,2.0765523444739524,-1791.007139281486,599.1012399626012,-516.0670463993616,0.0,4.301726356636391,18.387069671832244,-538.7558424278303,88955.27553995863
2024-07-02,60.05109405517578,153.41697692871094,4.159135350234514,1.812310113901098,-1791.007139281486,599.1012399626012,609.1030224226027,0.0,4.27672014526709,18.15964435974777,586.6666579175879,89541.94219787623
2024-07-03,60.22226333618164,152.49786376953125,4.6377527822016305,1.9479260739652347,-1791.007139281486,599.1012399626012,-857.2072376376675,0.0,4.267934054543009,18.23656768041756,-879.7117393726281,88662.2304585036
2024-07-05,60.63115310668945,154.17666625976562,4.485074353737765,1.7876683341283857,-1791.007139281486,599.1012399626012,273.44815539305614,0.0,4.280099348364723,18.127313348407537,251.04074269628387,88913.27120119988
2024-07-08,59.87041473388672,152.0476837158203,4.436491758520631,1.688326876749032,-1791.007139281486,599.1012399626012,87.01177487870791,0.0,4.309159844323399,18.32687141458844,64.37574361979607,88977.64694481967
2024-07-09,59.61366653442383,151.8413543701172,4.248761802558995,1.5390559830494268,-1791.007139281486,599.1012399626012,336.2256913842897,0.0,4.255092865878356,18.073800763410585,313.89679775500076,89291.54374257468
2024-07-10,59.746795654296875,153.42636108398438,3.851697900416603,1.3128674303973233,-1791.007139281486,599.1012399626012,711.1442834879922,0.0,4.236845331821384,18.049274539828957,688.8581636163418,89980.40190619102
2024-07-11,60.003543853759766,153.7639923095703,3.9955066919551996,1.328446987279392,-1791.007139281486,599.1012399626012,-257.5625723370762,0.0,4.2463070462713395,18.237683168326356,-280.0465625516739,89700.35534363934
2024-07-12,60.57410430908203,156.04302978515625,3.803717211535428,1.2027051455463766,-1791.007139281486,599.1012399626012,343.4963286708985,0.0,4.264554580328312,18.277817153623698,320.9539569369465,90021.3093005763
2024-07-15,60.29833221435547,153.67958068847656,4.3185311805681295,1.378058550165977,-1791.007139281486,599.1012399626012,-922.0354939394068,0.0,4.305105288616957,18.548724728533376,-944.8893239565571,89076.41997661974
2024-07-16,61.11613082885742,154.52365112304688,4.8539838273316676,1.5555713040536447,-1791.007139281486,599.1012399626012,-958.9995131006599,0.0,4.285505693757042,18.267783203848992,-981.552801998266,88094.86717462148
2024-07-17,62.01000213623047,159.33494567871094,4.138451983313573,1.2072124072659811,-1791.007139281486,599.1012399626012,1281.5226410196497,0.0,4.34362804125972,18.368117260191624,1258.8108957181983,89353.67807033968
2024-07-18,61.99098205566406,159.7851104736328,3.9688494282778564,1.0982833024332412,-1791.007139281486,599.1012399626012,303.759386909348,0.0,4.407157005271784,18.940032445533614,280.4121974585426,89634.09026779822
2024-07-19,62.08607482910156,158.83786010742188,4.380802395349022,1.2406762529684168,-1791.007139281486,599.1012399626012,-737.8107050726401,0.0,4.405805215585905,18.993543216729094,-761.2100535049551,88872.88021429327
2024-07-22,61.591590881347656,157.24349975585938,4.419640310260327,1.214727388562433,-1791.007139281486,599.1012399626012,-69.55898288096319,0.0,4.412563621781169,18.88094423479417,-92.85249073753853,88780.02772355573
2024-07-23,61.77226257324219,155.94923400878906,5.033250652651823,1.4364260839715517,-1791.007139281486,599.1012399626012,-1098.980503960117,0.0,4.377419801118973,18.69142374599094,-1122.049347507227,87657.9783760485
2024-07-24,62.58055877685547,157.7218017578125,5.248613688626428,1.4779877190110509,-1791.007139281486,599.1012399626012,-385.71673496785,0.0,4.390260447549497,18.537575290849876,-408.6445707062494,87249.33380534225
2024-07-25,62.827796936035156,160.39474487304688,4.601738418794966,1.154033894200592,-1791.007139281486,599.1012399626012,1158.5582264927793,0.0,4.447707442443365,18.748279167111317,1135.3622398832247,88384.69604522547
2024-07-26,63.75971221923828,162.01724243164062,4.990919796660464,1.2794472020350214,-1791.007139281486,599.1012399626012,-697.0266262325158,0.0,4.465279081657398,19.066010027168144,-720.5579153413413,87664.13812988413
2024-07-29,63.550506591796875,162.44869995117188,4.637389376049299,1.0893759217604562,-1791.007139281486,599.1012399626012,633.1755072677814,0.0,4.531511896158284,19.25887516589628,609.3851202057269,88273.52325008986
2024-07-30,64.35880279541016,162.4205322265625,5.455107830624222,1.3973205884467437,-1791.007139281486,599.1012399626012,-1464.5395900659098,0.0,4.516643294081878,19.310162216480084,-1488.3663955764719,86785.15685451338
2024-07-31,63.46491241455078,161.94223022460938,4.721211966906566,1.0422264005595012,-1791.007139281486,599.1012399626012,1314.4127314074753,0.0,4.574090288975748,19.306813938952228,1290.5318271795475,88075.68868169292
2024-08-01,64.62504577636719,164.08995056152344,5.162921661548587,1.194476389286959,-1791.007139281486,599.1012399626012,-791.1052165937047,0.0,4.51055996937836,19.24995851783185,-814.8657350809149,87260.82294661201
2024-08-02,65.92782592773438,166.9785919189453,5.499436195608986,1.2969208076308751,-1791.007139281486,599.1012399626012,-602.6999329741507,0.0,4.593012633407399,19.505256517224332,-626.7982021247824,86634.02474448722
2024-08-05,64.7581787109375,163.2270965576172,5.5846837658799515,1.2920811855425096,-1791.007139281486,599.1012399626012,-152.67900696170318,0.0,4.685603448963464,19.848627274970106,-177.21323768563676,86456.81150680159
2024-08-06,64.71064758300781,161.77342224121094,6.023414287253438,1.4350914748488979,-1791.007139281486,599.1012399626012,-785.7694960005991,0.0,4.60247461897442,19.40268967126264,-809.7746602908362,85647.03684651076
2024-08-07,65.10050964355469,161.1168975830078,6.63288727406011,1.6452186830401712,-1791.007139281486,599.1012399626012,-1091.570470569959,0.0,4.599096500345048,19.22989243208391,-1115.399459502388,84531.63738700838
2024-08-08,65.35726928710938,161.6608428955078,6.7076943703338685,1.6206201802962303,-1791.007139281486,599.1012399626012,-133.9800434952203,0.0,4.626804664383717,19.151851809703853,-157.75869996930786,84373.87868703908
2024-08-09,65.30972290039062,161.67962646484375,6.653864781592482,1.545074729496966,-1791.007139281486,599.1012399626012,96.40917774040332,0.0,4.645053011791884,19.21651020478135,72.54761452383008,84446.42630156291
2024-08-12,64.82474517822266,160.76986694335938,6.4732063697359905,1.4227625245788316,-1791.007139281486,599.1012399626012,323.56050540623323,0.0,4.641673808694252,19.21874299440041,299.70008860313857,84746.12639016606
2024-08-13,65.10050964355469,161.6608428955078,6.450934726779181,1.3729151438199205,-1791.007139281486,599.1012399626012,39.88867153917829,0.0,4.607205611757931,19.11060052269623,16.170865404724125,84762.29725557078
2024-08-14,65.21464538574219,162.91761779785156,6.1446727017919045,1.2143858900284934,-1791.007139281486,599.1012399626012,548.517473243014,0.0,4.626804664383717,19.21651020478135,524.674158373849,85286.97141394463
2024-08-15,65.28120422363281,161.80154418945312,6.584563989350642,1.3957832243022277,-1791.007139281486,599.1012399626012,-787.8484365254269,0.0,4.634916486967249,19.36590214969167,-811.8492551620858,84475.12215878254
2024-08-16,65.78518676757812,161.89532470703125,7.057176460484335,1.5996434176139103,-1791.007139281486,599.1012399626012,-846.4523099139108,0.0,4.639646937516629,19.233235268207338,-870.3251921196347,83604.7969666629
2024-08-19,65.59500885009766,163.0207977294922,6.49052194025213,1.3083204799222208,-1791.007139281486,599.1012399626012,1014.8822912420089,0.0,4.6754658396705695,19.24438289208936,990.962442510249,84595.75940917316
2024-08-20,65.9753646850586,164.92466735839844,6.234023443151351,1.1775027829006786,-1791.007139281486,599.1012399626012,459.39063952246204,0.0,4.661949569514173,19.37816707528396,435.35052287766393,85031.10993205082
2024-08-21,66.15605163574219,164.3244171142578,6.615497234749924,1.3939835149426618,-1791.007139281486,599.1012399626012,-683.2222842018207,0.0,4.688982109826966,19.60447871326112,-707.5157450249087,84323.59418702591
2024-08-22,65.92782592773438,164.82150268554688,6.220993807577763,1.1828670220454087,-1791.007139281486,599.1012399626012,706.5584545363592,0.0,4.7018238407257495,19.53312739073086,682.3235033049026,85005.91769033081
2024-08-23,66.36526489257812,164.94342041015625,6.617650656937485,1.4186939213266911,-1791.007139281486,599.1012399626012,-710.4152490481638,0.0,4.685603448963464,19.592215601470308,-734.6930680985976,84271.22462223221
2024-08-26,67.36372375488281,165.03721618652344,7.584734342285934,2.0170808054735603,-1791.007139281486,599.1012399626012,-1732.0537847417286,0.0,4.716692985036285,19.60670787527723,-1756.3771856020421,82514.84743663017
2024-08-27,67.99134063720703,164.40882873535156,8.422550108197541,2.5063049263372483,0.0,0.0,-1500.534018150273,110.13525482335264,4.787655165618291,19.61785731296073,-1635.0747854522047,80879.77265117796
2024-08-28,68.22907257080078,163.1145782470703,9.093215588143636,2.838670487460247,0.0,0.0,0.0,0.0,-0.0,0.0,0.0,80879.77265117796
2024-08-29,68.51435852050781,161.39825439453125,9.952620828433759,3.2075740422981496,0.0,0.0,0.0,0.0,-0.0,0.0,0.0,80879.77265117796
2024-08-30,68.91374206542969,162.13917541503906,10.10416242322323,3.0614524958775493,0.0,0.0,0.0,0.0,-0.0,0.0,0.0,80879.77265117796
2024-09-03,69.42724609375,166.5096435546875,9.15572203811655,2.315381464439715,-1598.3940448492353,534.6711541318497,0.0,100.0,-0.0,0.0,-100.0,80779.77265117796
2024-09-04,68.99932098388672,167.4287872314453,8.420338569002787,1.8004739223614645,-1598.3940448492353,534.6711541318497,1175.4325577120148,0.0,4.4036546312116,17.66426652648168,1153.3646365543216,81933.13728773229
2024-09-05,67.67753601074219,168.1603240966797,6.853850694664857,0.8748833744209344,-1598.3940448492353,534.6711541318497,2503.864889670284,0.0,4.376512053939898,17.761774385700942,2481.7266032306434,84414.86389096294
2024-09-06,67.64900207519531,167.5885772705078,7.016569057889761,0.935859735677231,-1598.3940448492353,534.6711541318497,-260.08806276630156,0.0,4.292673433715872,17.839379873801114,-282.2201160738186,84132.64377488912
2024-09-09,68.32415771484375,168.39183044433594,7.42303231664831,1.1305398897124803,-1598.3940448492353,534.6711541318497,-649.6884522496839,0.0,4.290863573689911,17.778725799312916,-671.7580416226867,83460.88573326643
2024-09-10,68.03888702392578,168.03273010253906,7.257882565129734,1.001944288819541,-1598.3940448492353,534.6711541318497,263.9743793356313,0.0,4.333687571855006,17.863939351199967,241.7767524125763,83702.66248567901
2024-09-11,67.59194946289062,166.11436462402344,7.452648273541747,1.0772786866227575,-1598.3940448492353,534.6711541318497,-311.31234846661187,0.0,4.315593326873527,17.825843995208363,-333.4537857886937,83369.20869989033
2024-09-12,67.73458862304688,167.50352478027344,7.130606107832435,0.8630623987680361,-1598.3940448492353,534.6711541318497,514.7502798601217,0.0,4.2872448214775725,17.62233314512014,492.840701893524,83862.04940178385
2024-09-13,68.37129974365234,167.60748291015625,7.732542691167225,1.174686864545701,-1598.3940448492353,534.6711541318497,-962.1318501792324,0.0,4.296292185928211,17.769702959409063,-984.1978453245697,82877.85155645928
2024-09-16,69.03193664550781,167.46571350097656,8.4406022006525,1.545975069780923,-1598.3940448492353,534.6711541318497,-1131.7581033601239,0.0,4.336677712256188,17.780731414426093,-1153.8755124868062,81723.97604397248
2024-09-17,68.74469757080078,167.1444091796875,8.260841099130346,1.4054392067564332,-1598.3940448492353,534.6711541318497,287.32907416854965,0.0,4.3785808110551345,17.765691729182702,265.1848016283118,81989.1608456008
2024-09-18,68.69682312011719,165.57569885253906,8.737708444012007,1.6505849120656688,-1598.3940448492353,534.6711541318497,-762.2219242419219,0.0,4.360361714767049,17.73160598468049,-784.3138919413694,81204.84695365942
2024-09-19,67.61490631103516,165.05593872070312,7.829654112994113,1.0606415633177328,-1598.3940448492353,534.6711541318497,1451.4286350985628,0.0,4.357325118065737,17.565188492395762,1429.5061214881014,82634.35307514752
2024-09-20,68.59150695800781,161.76730346679688,9.906320424244562,2.2521179286469684,-1598.3940448492353,534.6711541318497,-3319.3310650417475,0.0,4.288700936134824,17.51004945478456,-3341.129815432667,79293.22325971485
2024-09-23,68.67768096923828,162.6461639404297,9.698511018011509,2.014682086526475,-1598.3940448492353,534.6711541318497,332.1613173865675,0.0,4.350645089242642,17.16117278678362,310.64949951054126,79603.8727592254
2024-09-24,68.2947006225586,160.5765838623047,10.007816013926266,2.096206208587482,-1598.3940448492353,534.6711541318497,-494.3912635122691,0.0,4.356110963305006,17.254407180386423,-516.0017816559606,79087.87097756944
2024-09-25,68.40959167480469,160.0851593017578,10.287091147684073,2.1473459522918596,-1598.3940448492353,534.6711541318497,-446.3917106729533,0.0,4.331819157534088,17.034854646866705,-467.75838447735407,78620.1125930921
2024-09-26,68.36170959472656,160.35923767089844,10.147528422008442,1.9623180929190742,-1598.3940448492353,534.6711541318497,223.07622960286233,0.0,4.339106505697446,16.982721603819815,201.75440149334506,78821.86699458545
2024-09-27,68.73512268066406,160.6521759033203,10.422952139602714,2.0195065071001315,-1598.3940448492353,534.6711541318497,-440.2356300129278,0.0,4.3360694250763405,17.01179735738152,-461.58349679538566,78360.28349779006
2024-09-30,68.80213928222656,160.69943237304688,10.474161205288617,1.9485391529219551,-1598.3940448492353,534.6711541318497,-81.85226563463597,0.0,4.359754395426787,17.042873869845476,-103.25489389990824,78257.02860389015
2024-10-01,68.65853118896484,161.956298828125,9.910124719984424,1.5770386242566836,-1598.3940448492353,534.6711541318497,901.5525591879125,0.0,4.364005146888832,17.04788709825994,880.1406669427637,79137.16927083292
2024-10-02,67.98831176757812,160.2269287109375,9.818388632827713,1.4728797507155051,-1598.3940448492353,534.6711541318497,146.63041540905863,0.0,4.354896324624479,17.181222462967526,125.09429662146661,79262.26356745439
2024-10-03,67.51915740966797,159.26300048828125,9.671673298616803,1.3496203980051287,-1598.3940448492353,534.6711541318497,234.50891649078073,0.0,4.3123854225654785,16.997761289063206,213.19876977915203,79475.46233723353
2024-10-04,67.1840591430664,158.7338104248047,9.513591871452235,1.2301963363636883,-1598.3940448492353,534.6711541318497,252.67641178111847,0.0,4.282627742732199,16.895502436819577,231.4982816015667,79706.9606188351
2024-10-07,66.07342529296875,158.01559448242188,8.643205004297968,0.7558712043954394,-1598.3940448492353,534.6711541318497,1391.2211851743596,0.0,4.261373017582388,16.839363019757254,1370.12044913702,81077.08106797212
2024-10-08,66.23619079589844,161.04908752441406,7.791251245078577,0.2925134644954651,-1598.3940448492353,534.6711541318497,1361.7578152231952,0.0,4.19092736155048,16.76317068903707,1340.8037171726078,82417.88478514472
2024-10-09,66.60958862304688,163.052490234375,7.494500404833346,0.11253479817913178,0.0,0.0,474.3247758519832,96.82391646131047,4.201251306415151,17.08498045606344,356.21462762819414,82774.09941277292
2024-10-10,66.30320739746094,163.477783203125,7.045856460502627,-0.1472965659364945,0.0,0.0,0.0,0.0,-0.0,0.0,0.0,82774.09941277292
2024-10-11,66.60958862304688,165.19769287109375,6.776918921520647,-0.32370036279581527,0.0,0.0,0.0,0.0,-0.0,0.0,0.0,82774.09941277292
2024-10-14,67.34681701660156,166.416748046875,7.106366993391987,-0.17498413537312002,0.0,0.0,0.0,0.0,-0.0,0.0,0.0,82774.09941277292
2024-10-15,67.34681701660156,166.22775268554688,7.1695869286091565,-0.1692340063617797,0.0,0.0,0.0,0.0,-0.0,0.0,0.0,82774.09941277292
2024-10-16,67.5670394897461,164.88584899902344,7.838683191742653,0.19399581848967412,0.0,0.0,0.0,0.0,-0.0,0.0,0.0,82774.09941277292
2024-10-17,66.92555236816406,165.06539916992188,7.13713560046093,-0.25223998414588317,0.0,0.0,0.0,0.0,-0.0,0.0,0.0,82774.09941277292
2024-10-18,67.44257354736328,165.43394470214844,7.530876374743286,-0.03501936229516662,0.0,0.0,0.0,0.0,-0.0,0.0,0.0,82774.09941277292
2024-10-21,66.49468994140625,165.38668823242188,6.598800304662852,-0.6533499284814006,0.0,0.0,-0.0,0.0,-0.0,0.0,0.0,82774.09941277292
2024-10-22,66.49468994140625,164.78187561035156,6.801113284818101,-0.5541075652141478,0.0,0.0,0.0,0.0,-0.0,0.0,0.0,82774.09941277292
2024-10-23,65.115966796875,163.43997192382812,5.871263930275816,-1.2110201813949355,0.0,0.0,-0.0,0.0,-0.0,0.0,0.0,82774.09941277292
2024-10-24,64.43618774414062,162.6934356689453,5.4412051528926355,-1.5099865750475046,1682.6802934432444,-562.8653443932714,-0.0,99.99999999999999,-0.0,0.0,-99.99999999999999,82674.09941277292
2024-10-25,64.07234954833984,162.34375,5.194338639263002,-1.7070442678799038,1682.6802934432444,-562.8653443932714,-415.39741759562446,0.0,3.6339085991398985,21.512996686840186,-440.54432288160456,82233.55508989132
2024-10-28,63.83298873901367,160.50099182128906,5.571390062810366,-1.4533354588691827,1682.6802934432444,-562.8653443932714,634.4570000178741,0.0,3.6260980457875056,21.39152379753941,609.4393781745471,82842.99446806587
2024-10-29,62.77021789550781,158.28964233398438,5.248327169528757,-1.674781144955538,1682.6802934432444,-562.8653443932714,-543.6115640677269,0.0,3.584938334799663,21.311609568000563,-568.5081119705271,82274.48635609534
2024-10-30,63.114906311035156,157.0706024169922,6.000790802594828,-1.154301484939352,1682.6802934432444,-562.8653443932714,1266.1557268929903,0.0,3.5355457954843597,20.956787434109025,1241.663393663397,83516.14974975874
2024-10-31,62.53085708618164,156.94773864746094,5.457840150191551,-1.5192224335474092,1682.6802934432444,-562.8653443932714,-913.6123631111506,0.0,3.5083174096626553,21.071866879384032,-938.1925474001973,82577.95720235855
2024-11-01,62.243629455566406,156.4846649169922,5.325513100390992,-1.57175386095556,1682.6802934432444,-562.8653443932714,-222.66411898888055,0.0,3.505573133553502,20.876873204570177,-247.04656532700423,82330.91063703154
2024-11-04,62.33937072753906,157.19345092773438,5.184161750793116,-1.6225927387613488,1682.6802934432444,-562.8653443932714,-237.84913041995563,0.0,3.495229952808273,20.780977912155766,-262.1253382849197,82068.78529874662
2024-11-05,62.588314056396484,158.62042236328125,4.955775683425841,-1.724063057590023,1682.6802934432444,-562.8653443932714,-384.30073485590793,0.0,3.511061344952619,20.81294258509576,-408.6247387859563,81660.16055996066
2024-11-06,60.989376068115234,155.65306091308594,4.349435594526739,-2.055011839538634,1682.6802934432444,-562.8653443932714,-1020.2765187151431,0.0,3.5429340738616846,20.896056083836346,-1044.7155088728412,80615.44505108781
2024-11-07,60.951080322265625,154.9821014404297,4.535579295743922,-1.859432379039041,1682.6802934432444,-562.8653443932714,313.22033778673926,0.0,3.4766553070123396,20.362226432384233,289.3814560473427,80904.82650713515
2024-11-08,61.200016021728516,156.0310516357422,4.433635677705688,-1.8635264272556427,1682.6802934432444,-562.8653443932714,-171.53851711524345,0.0,3.4616688056373164,20.34944081792712,-195.3496267388079,80709.47688039634
2024-11-11,60.663848876953125,155.227783203125,4.166166017964798,-1.9508646528934048,1682.6802934432444,-562.8653443932714,-450.0659255399643,0.0,3.4850980799601716,20.43255176947885,-473.9835753894033,80235.49330500694
2024-11-12,60.510650634765625,155.30340576171875,3.987671635059044,-1.9660919436699307,1682.6802934432444,-562.8653443932714,-300.34898060582316,0.0,3.467156335398056,20.253544251918278,-324.0696811931395,79911.4236238138
2024-11-13,60.31916046142578,155.68141174316406,3.6697364871402556,-2.0611073541662788,1682.6802934432444,-562.8653443932714,-534.9832079959184,0.0,3.4688454352983245,20.202396699712118,-558.6544501309289,79352.76917368287
2024-11-14,59.888309478759766,156.06886291503906,3.109281064377811,-2.272801108066075,1682.6802934432444,-562.8653443932714,-943.0672952357598,0.0,3.477288549065346,20.13846480664327,-966.6830485914684,78386.0861250914
2024-11-15,59.1127815246582,149.89793395996094,4.397961067700464,-1.4964981324389688,1682.6802934432444,-562.8653443932714,2168.4364461454024,0.0,3.485942629910306,19.994618684035576,2144.9558848314564,80531.04200992286
2024-11-18,59.22767639160156,149.62388610839844,4.604526371952105,-1.354030450837738,1682.6802934432444,-562.8653443932714,347.58336677333716,0.0,3.3481092151671925,19.735696936936165,324.4995606212338,80855.5415705441
2024-11-19,59.926605224609375,148.1024169921875,5.812394568793188,-0.7208133384199262,1682.6802934432444,-562.8653443932714,2032.4560119013258,0.0,3.3419881025342577,19.774056327496357,2009.3399674712953,82864.8815380154
2024-11-20,60.30958938598633,150.0113525390625,5.556829822095828,-0.8292469925517548,1682.6802934432444,-562.8653443932714,-430.0337629664683,0.0,3.308004680388234,20.00740429849269,-453.34917194534927,82411.53236607005
2024-11-21,61.046817779541016,151.5233612060547,5.788283421479328,-0.689839273924703,1682.6802934432444,-562.8653443932714,389.46241052912455,0.0,3.3506425241984075,20.135269358224814,365.9764986467013,82777.50886471676
2024-11-22,61.200016021728516,153.0920867919922,5.416734763956953,-0.8485228749403878,1682.6802934432444,-562.8653443932714,-625.1976040681957,0.0,3.384414638447302,20.38140421727269,-648.9634229239157,82128.54544179284
2024-11-25,61.64043426513672,154.08433532714844,5.525240691258105,-0.7661515497355104,1682.6802934432444,-562.8653443932714,182.58078559143178,0.0,3.4194535776214,20.43255176947885,158.72878024433152,82287.27422203717
2024-11-26,61.80320739746094,153.2432861328125,5.969349170686719,-0.5145238235965818,1682.6802934432444,-562.8653443932714,747.2925864855733,0.0,3.4416163678382428,20.57959206691057,723.2713780508245,83010.545600088
2024-11-27,61.68830871582031,153.7725067138672,5.677423441319867,-0.6408774614417837,1682.6802934432444,-562.8653443932714,-491.21767195464264,0.0,3.4228307549643704,20.633936341129615,-515.2744390507366,82495.27116103725
2024-11-29,61.81855010986328,154.4623260498047,5.576916665550328,-0.6700023280200603,1682.6802934432444,-562.8653443932714,-169.1207709449188,0.0,3.4346513868935507,20.595575676974995,-193.15099800878735,82302.12016302846
2024-12-02,61.403724670410156,154.08433532714844,5.288531096531543,-0.8036736333853121,1682.6802934432444,-562.8653443932714,-485.2607139013355,0.0,3.450059140786075,20.6390587379168,-509.3498317800384,81792.77033124842
2024-12-03,61.27831268310547,152.80856323242188,5.589871536448889,-0.6320245942621907,1682.6802934432444,-562.8653443932714,507.0596198664398,0.0,3.4416163678382428,20.5005629854988,483.11744051310274,82275.88777176153
2024-12-04,60.01453399658203,151.37213134765625,4.806586815812231,-1.0111925580117995,1682.6802934432444,-562.8653443932714,-1318.0177635704963,0.0,3.413120816272148,20.458692295102143,-1341.8895766818705,80933.99819507965
2024-12-05,60.69948196411133,151.6651153564453,5.393530102564455,-0.6881503203802604,1682.6802934432444,-562.8653443932714,987.6379019867742,0.0,3.381036779465954,20.03676065004528,964.220104557263,81898.21829963691
2024-12-06,60.323246002197266,150.3832550048828,5.4460831215743255,-0.6427252145407734,1682.6802934432444,-562.8653443932714,88.42992944885054,0.0,3.3875808487123344,20.265440897465034,64.77690770267318,81962.99520733958
2024-12-09,60.39077377319336,151.98439025878906,4.978022789695572,-0.8602636616050956,1682.6802934432444,-562.8653443932714,-787.5958965948741,0.0,3.3589493102898613,20.13982882627506,-811.0946747314391,81151.90053260814
2024-12-10,60.68983459472656,152.33700561523438,5.159131933291306,-0.7442124360235732,1682.6802934432444,-562.8653443932714,304.74878689092105,0.0,3.3947121494212165,20.16237399482968,281.19170074667016,81433.09223335481
2024-12-11,60.42936325073242,149.41111755371094,5.877385423612282,-0.3609027308478994,1682.6802934432444,-562.8653443932714,1208.5909938599339,0.0,3.4025881400578815,20.26221997715803,1184.926185742718,82618.01841909753
2024-12-12,61.587013244628906,151.44113159179688,6.355985121904318,-0.10319238515693563,0.0,0.0,805.3302807638897,94.43610910374431,3.3372357197640103,20.175257676057704,687.3816782643236,83305.40009736185
2024-12-13,60.892425537109375,150.55479431152344,5.9578818627102805,-0.28553737042192434,0.0,0.0,-0.0,0.0,-0.0,0.0,0.0,83305.40009736185
2024-12-16,60.3425407409668,148.6963348388672,6.02966146425139,-0.2341896424027091,0.0,0.0,-0.0,0.0,-0.0,0.0,0.0,83305.40009736185
2024-12-17,61.16254425048828,148.81069946289062,6.811409409873903,0.20042613834551737,0.0,0.0,0.0,0.0,-0.0,0.0,0.0,83305.40009736185
2024-12-18,60.63195037841797,147.18096923828125,6.825968807689328,0.2390244576245987,0.0,0.0,-0.0,0.0,-0.0,0.0,0.0,83305.40009736185
2024-12-19,60.24607467651367,144.3599090576172,7.383752466586344,0.5841627224008025,0.0,0.0,-0.0,0.0,-0.0,0.0,0.0,83305.40009736185
2024-12-20,60.3425407409668,145.617919921875,7.059407328150776,0.44924535553911565,0.0,0.0,0.0,0.0,-0.0,0.0,0.0,83305.40009736185
2024-12-23,60.17853927612305,144.1883544921875,7.373602964116486,0.6877331992227006,0.0,0.0,-0.0,0.0,-0.0,0.0,0.0,83305.40009736185
2024-12-24,60.622310638427734,145.6370086669922,7.332791940696758,0.731293598948134,0.0,0.0,0.0,0.0,-0.0,0.0,0.0,83305.40009736185
2024-12-26,60.36183547973633,145.2843780517578,7.190273564087434,0.7176398771629309,0.0,0.0,-0.0,0.0,-0.0,0.0,0.0,83305.40009736185
2024-12-27,60.24607467651367,145.71324157714844,6.93105567227979,0.6056283778959687,0.0,0.0,0.0,0.0,-0.0,0.0,0.0,83305.40009736185
2024-12-30,59.84089660644531,144.5981903076172,6.898868074190254,0.655525983820809,0.0,0.0,-0.0,0.0,-0.0,0.0,0.0,83305.40009736185
2024-12-31,60.062774658203125,144.92222595214844,7.012354510876875,0.8278640564621211,0.0,0.0,0.0,0.0,-0.0,0.0,0.0,83305.40009736185
2025-01-02,59.657596588134766,143.15907287597656,7.196960351218955,1.080244029396298,0.0,0.0,-0.0,0.0,-0.0,0.0,0.0,83305.40009736185
2025-01-03,59.57077407836914,142.6253204345703,7.288680820130587,1.224929381777972,0.0,0.0,-0.0,0.0,-0.0,0.0,0.0,83305.40009736185
2025-01-06,58.66394805908203,139.4040069580078,7.4594009790742675,1.400426189663603,0.0,0.0,-0.0,0.0,-0.0,0.0,0.0,83305.40009736185
2025-01-07,58.69289016723633,138.5748291015625,7.765707409821502,1.6788359090231613,-1903.9115982558947,636.8683710283161,0.0,100.0,-0.0,0.0,-100.0,83205.40009736185
2025-01-08,59.53218460083008,139.66131591796875,8.241566330158093,2.067526761375542,-1903.9115982558947,636.8683710283161,-905.9933175623627,0.0,4.434368028752404,17.510699538777658,-927.9383851298927,82277.46171223196
2025-01-10,58.91476821899414,135.94439697265625,8.867478743689524,2.5259590227023465,0.0,0.0,-1191.681903614827,99.37359858555153,4.4977784417075934,17.647991024672184,-1313.2012716667582,80964.26044056521
2025-01-13,59.47430419921875,137.71707153320312,8.83404582726314,2.3670275417390862,-1894.9912625544891,633.8844721580198,0.0,100.0,-0.0,0.0,-100.0,80864.26044056521
2025-01-14,59.85054016113281,138.14596557617188,9.066814492302974,2.4433967547880067,-1894.9912625544891,633.8844721580198,-441.0945864469668,0.0,4.4723526509534635,17.320776427772362,-462.8877155256926,80401.37272503952
2025-01-15,59.590065002441406,137.9839324951172,8.86054024529178,2.192964316009634,-1894.9912625544891,633.8844721580198,390.8878957762206,0.0,4.500644867639413,17.374718744049936,369.01253216453125,80770.38525720405
2025-01-16,60.05312728881836,139.66131591796875,8.762509018146375,2.0268387211967376,-1894.9912625544891,633.8844721580198,185.7683188980444,0.0,4.481057639471449,17.354339725387938,163.932921533185,80934.31817873723
2025-01-17,60.49689483642578,141.2910614013672,8.661118191723439,1.8902853418130032,-1894.9912625544891,633.8844721580198,192.13473017463753,0.0,4.515879027832672,17.565305460626202,170.05354568617864,81104.37172442341
2025-01-21,60.21712875366211,141.5769500732422,8.285720855429261,1.5474089782405152,-1894.9912625544891,633.8844721580198,711.374672263696,0.0,4.549249489154946,17.770279737510315,689.0551430370307,81793.42686746044
2025-01-22,59.599708557128906,141.13856506347656,7.814942733721608,1.174659643855095,-1894.9912625544891,633.8844721580198,892.1204272378238,0.0,4.528211620805888,17.806236164071315,869.7859794529467,82663.21284691339
2025-01-23,59.35853958129883,141.6436767578125,7.4048112586590165,0.8565850496884353,-1894.9912625544891,633.8844721580198,777.1955617421916,0.0,4.481782816133067,17.751100161984557,754.9626787640739,83418.17552567746
2025-01-24,59.73477554321289,142.12020874023438,7.62164478420685,0.9797770260642032,-1894.9912625544891,633.8844721580198,-410.89763634202694,0.0,4.463647375577622,17.814628427806973,-433.17591214541153,82984.99961353205
2025-01-27,61.6159553527832,147.35252380371094,7.752587884133796,1.0380728124129515,-1894.9912625544891,633.8844721580198,-248.13603025336306,0.0,4.491939592263572,17.874562202438703,-270.50253204806535,82714.49708148399
2025-01-28,60.159244537353516,143.19717407226562,7.685863251330872,0.9607587362955234,-1894.9912625544891,633.8844721580198,126.44259615870214,0.0,4.63340067569332,18.53263428025146,103.27656120275736,82817.77364268675
2025-01-29,60.61266326904297,143.31153869628906,8.101026419121347,1.2112886024236371,-1894.9912625544891,633.8844721580198,-786.7305754974049,0.0,4.523858839689039,18.010012916928208,-809.2644472540221,82008.50919543272
2025-01-30,61.78960418701172,144.7696990966797,8.790205069269746,1.6352955702267895,-1894.9912625544891,633.8844721580198,-1305.9875203703027,0.0,4.557955051388644,18.02439663901802,-1328.5698720607095,80679.93932337202
2025-01-31,61.239723205566406,143.61654663085938,8.62605960891009,1.460777315248256,-1894.9912625544891,633.8844721580198,311.05421316952675,0.0,4.646458732186011,18.20779053499487,288.19996390234587,80968.13928727436
2025-02-03,61.11430740356445,143.21624755859375,8.634545936771467,1.4117354070808288,-1894.9912625544891,633.8844721580198,-16.08151714847574,0.0,4.605108745865227,18.062757709178555,-38.74938360351952,80929.38990367085
2025-02-04,60.45830535888672,136.75448608398438,10.14003684590412,2.3270555936252397,-1894.9912625544891,633.8844721580198,-2852.8921186616044,0.0,4.595677720112054,18.012411803200692,-2875.5002081849175,78053.88969548592
2025-02-05,60.892425537109375,138.8226318359375,9.882351471126263,2.034495202225356,-1894.9912625544891,633.8844721580198,488.31153369212643,0.0,4.546347635077047,17.199711354481686,466.5654747025677,78520.45517018849
2025-02-06,61.12395477294922,138.52719116210938,10.2127071550264,2.1463105842423595,-1894.9912625544891,633.8844721580198,-626.0211345259723,0.0,4.578992632879845,17.45982355256158,-648.0599507114138,77872.39521947708
2025-02-07,61.587013244628906,137.7933349609375,10.921244357881157,2.465633455166531,-1894.9912625544891,633.8844721580198,-1342.6718086045666,0.0,4.596403183631529,17.42266576375532,-1364.6908775519535,76507.70434192513
2025-02-10,62.27196502685547,137.5741424560547,11.679517177520495,2.76471370945359,0.0,0.0,-1436.920367849097,102.60547115066915,4.631224285134896,17.33036813464426,-1561.4874314195454,74946.21691050558
2025-02-11,65.21432495117188,138.8035888671875,14.210620857669873,3.99510651993031,0.0,0.0,0.0,0.0,-0.0,0.0,0.0,74946.21691050558
2025-02-12,66.28514862060547,137.23101806640625,15.807477671256642,4.346960329968553,0.0,0.0,0.0,0.0,-0.0,0.0,0.0,74946.21691050558
2025-02-13,67.0472640991211,137.7933349609375,16.381495212373345,4.045942268937636,0.0,0.0,0.0,0.0,-0.0,0.0,0.0,74946.21691050558
2025-02-14,66.43950653076172,136.6591796875,16.15311850505237,3.5024435169028894,0.0,0.0,-0.0,0.0,-0.0,0.0,0.0,74946.21691050558
2025-02-18,66.6131591796875,137.3358612060547,16.100417652680257,3.1413013832079195,0.0,0.0,0.0,0.0,-0.0,0.0,0.0,74946.21691050558
2025-02-19,67.59715270996094,138.96559143066406,16.539257913067956,3.0340810170528463,0.0,0.0,0.0,0.0,-0.0,0.0,0.0,74946.21691050558
2025-02-20,67.5682144165039,142.1011505126953,15.461458734123589,2.4215867816357712,-1737.5924198950631,581.2337374190332,0.0,99.99999999999999,-0.0,0.0,-99.99999999999999,74846.21691050558
2025-02-21,68.83197784423828,146.29461669921875,15.322485825979754,2.2293419004122352,-1737.5924198950631,581.2337374190332,241.47827176150622,0.0,4.658968936347679,16.38769500080128,220.43160782435726,75066.64851832994
2025-02-24,68.09879302978516,146.62818908691406,14.477719306070263,1.8448188828938035,-1737.5924198950631,581.2337374190332,1467.8599015758555,0.0,4.746108053513229,16.871302942137266,1446.2424905802052,76512.89100891014
2025-02-25,68.967041015625,149.0775604248047,14.526639789816606,1.7780434626428303,-1737.5924198950631,581.2337374190332,-85.00386173524294,0.0,4.6955534354189465,16.90977189562932,-106.6091870662912,76406.28182184385
2025-02-26,68.30138397216797,144.39804077148438,15.426306504844575,1.9698009738467548,-1737.5924198950631,581.2337374190332,-1563.2540644644878,0.0,4.755420940132615,17.192243573615276,-1585.2017289782357,74821.08009286561
2025-02-27,68.3689193725586,144.88409423828125,15.331254482628417,1.8476834420616886,-1737.5924198950631,581.2337374190332,165.16167329849756,0.0,4.709522502316715,16.65258192730075,143.7995688688801,74964.87966173449
2025-02-28,68.6969223022461,146.2660369873047,15.196990346853845,1.727622505865661,-1737.5924198950631,581.2337374190332,233.29634458565226,0.0,4.71417920865772,16.708635632279293,211.87352974471526,75176.7531914792
2025-03-03,69.76774597167969,148.66773986816406,15.464431861975179,1.7313208103549476,-1737.5924198950631,581.2337374190332,-464.7043494400757,0.0,4.7367956929564645,16.868007011032073,-486.3091521440643,74690.44403933514
2025-03-04,67.7129135131836,146.95223999023438,13.983443070252896,1.2518201496014125,-1737.5924198950631,581.2337374190332,2573.3548984461822,0.0,4.810631212442656,17.144981364526508,2551.399285869213,77241.84332520435
2025-03-05,67.60680389404297,146.6567840576172,13.976165003317178,1.207708828975397,-1737.5924198950631,581.2337374190332,12.646313938988158,0.0,4.66894624006023,16.947142791988618,-8.96977509306069,77232.87355011128
2025-03-06,67.973388671875,147.35252380371094,14.110021203225593,1.2064924282672311,-1737.5924198950631,581.2337374190332,-232.5875183168137,0.0,4.661629761096075,16.913069586441456,-254.16221766435123,76978.71133244692
2025-03-07,68.9091567993164,148.49188232421875,14.664667956314453,1.3207866630798635,-1737.5924198950631,581.2337374190332,-963.7499938866089,0.0,4.686906544080593,16.99330518423769,-985.4302056149271,75993.281126832
2025-03-10,68.92845153808594,150.23216247558594,14.101829897453342,1.1212846258958207,-1737.5924198950631,581.2337374190332,977.9831447055183,0.0,4.751429703010021,17.124700742002567,956.1070142605057,76949.3881410925
2025-03-11,68.53292846679688,146.463134765625,14.96706627539622,1.3277429047714024,-1737.5924198950631,581.2337374190332,-1503.428171731006,0.0,4.75276011538422,17.325397078616717,-1525.506328925007,75423.88181216748
2025-03-12,67.47174072265625,142.46334838867188,15.243827959519443,1.3631445521962062,-1737.5924198950631,581.2337374190332,-480.8990044499071,0.0,4.725487976869716,16.89073714562138,-502.5152295723982,74921.36658259509
2025-03-13,67.16304016113281,142.6267852783203,14.880456905011094,1.2162570421071917,-1737.5924198950631,581.2337374190332,631.390789922978,0.0,4.652316874476689,16.429465164519357,610.309007883982,75531.67559047908
2025-03-14,67.21162414550781,142.8671875,14.848625090956702,1.1673919054558153,-1737.5924198950631,581.2337374190332,55.31071881242352,0.0,4.631031328614765,16.448313385591284,34.231374098217465,75565.9069645773
2025-03-17,68.14458465576172,145.5112762451172,14.897124109668837,1.1440632817552456,-1737.5924198950631,581.2337374190332,-84.27152728655346,0.0,4.634381295399617,16.476037568486266,-105.38194615043935,75460.52501842685
2025-03-18,67.42542266845703,143.2517852783203,14.933773648852743,1.1185029191294638,-1737.5924198950631,581.2337374190332,-63.681961478597714,0.0,4.69871086328369,16.780964866778344,-85.16163720865976,75375.3633812182
2025-03-19,67.3282470703125,142.40567016601562,15.11962797382521,1.134590757813734,-1737.5924198950631,581.2337374190332,-322.93906627687227,0.0,4.649123148290941,16.520390981997412,-344.1085804071606,75031.25480081103
2025-03-20,67.74613189697266,141.48263549804688,15.846272716613,1.3031396603716061,-1737.5924198950631,581.2337374190332,-1262.6123970246626,0.0,4.642422688658611,16.422813472272892,-1283.6776331855942,73747.57716762544
2025-03-21,66.73542785644531,139.84811401367188,15.382324647380905,1.128278236387673,-1737.5924198950631,581.2337374190332,806.1526483226379,0.0,4.671236716721859,16.316365279846146,785.1650463260698,74532.74221395151
2025-03-24,67.00753021240234,140.80960083007812,15.33280464277729,1.077976773900895,-1737.5924198950631,581.2337374190332,86.04558463240676,0.0,4.601546570706873,16.127865472057458,65.31617258964243,74598.05838654115
2025-03-25,66.8714828491211,139.9346466064453,15.489434035937798,1.0873561187760594,-1737.5924198950631,581.2337374190332,-272.15804628845825,0.0,4.62030859416507,16.238748125981846,-293.01710300860515,74305.04128353254
2025-03-26,68.04740142822266,142.91525268554688,15.668324318130281,1.103166368097638,-1737.5924198950631,581.2337374190332,-310.8383983305564,0.0,4.610927845467283,16.137844770134095,-331.5871709461578,73973.45411258638
2025-03-27,68.74710845947266,143.90557861328125,16.036762155494884,1.173322423402291,-1737.5924198950631,581.2337374190332,-640.1947934072558,0.0,4.692009877588736,16.48158064535832,-661.3683839302029,73312.08572865618
2025-03-28,68.38753509521484,143.52099609375,15.805833652145637,1.0711414343648344,-1737.5924198950631,581.2337374190332,401.25961695736464,0.0,4.7402561328922,16.595789145405945,379.92357167906647,73692.00930033525
2025-03-31,69.6023178100586,144.16519165039062,16.805129589579536,1.328442210063161,-1737.5924198950631,581.2337374190332,-1736.369046117081,0.0,4.7154628014584485,16.551437491601742,-1757.6359464101413,71934.37335392511
2025-04-01,69.84528350830078,143.90557861328125,17.13493720432301,1.3843401213832682,-1737.5924198950631,581.2337374190332,-573.0712114019245,0.0,4.799224596582737,16.625728799342806,-594.49616479785,71339.87718912726
2025-04-02,69.32049560546875,143.3767547607422,16.787043641457174,1.240052512408894,-1737.5924198950631,581.2337374190332,604.4972177659535,0.0,4.815977586882742,16.595789145405945,583.0854510336649,71922.96264016093
2025-04-03,71.11837005615234,145.5401153564453,17.861262676734704,1.5205448873500857,-1737.5924198950631,581.2337374190332,-1866.5548530052195,0.0,4.779792369342521,16.53480298186475,-1887.8694483564266,70035.0931918045
2025-04-04,67.95993041992188,140.9634552001953,16.23373976013093,0.991202099121373,-1737.5924198950631,581.2337374190332,2827.9714830962193,0.0,4.903759552573903,16.784290712901576,2806.283432830744,72841.37662463525
2025-04-07,66.44387817382812,137.67515563964844,15.817640887133415,0.8364946394525015,-1737.5924198950631,581.2337374190332,723.0102476473601,0.0,4.68597856961318,16.256491251093248,702.0677778266536,73543.4444024619
2025-04-08,66.49246978759766,134.89646911621094,16.79571765210487,1.1049290789478694,-1737.5924198950631,581.2337374190332,-1699.498772889884,0.0,4.581443613622016,15.877270885353166,-1719.9574873888594,71823.48691507304
2025-04-09,67.97935485839844,139.9827117919922,16.581227989673877,1.0046691159405943,-1737.5924198950631,581.2337374190332,372.6956115859484,0.0,4.5847941064694915,15.556821212112395,352.5539962673666,72176.0409113404
2025-04-10,68.76654815673828,138.58856201171875,17.83477166916881,1.3575544324562832,-1737.5924198950631,581.2337374190332,-2178.1479954977594,0.0,4.687317925051975,16.14338784700615,-2198.9787012698175,69977.06221007058
2025-04-11,69.41766357421875,138.8673858642578,18.392619052076107,1.4845495496890768,-1737.5924198950631,581.2337374190332,-969.3113839980192,0.0,4.74159654045624,15.982608702698558,-990.0355892411741,68987.0266208294
2025-04-14,70.40892791748047,141.09805297851562,18.63771359802938,1.5112276505079705,-1737.5924198950631,581.2337374190332,-425.87442520602235,0.0,4.786492302912228,16.0147638276773,-446.6756813366119,68540.3509394928
2025-04-15,69.83556365966797,137.338623046875,19.32189828248518,1.673315543842492,-1737.5924198950631,581.2337374190332,-1188.8341215187024,0.0,4.854842041363173,16.272013626041943,-1209.9609771861076,67330.38996230668
2025-04-16,69.66062927246094,134.6945343017578,20.03142538681992,1.836124977428512,-1737.5924198950631,581.2337374190332,-1232.868918202139,0.0,4.8153073831007225,15.838460548714073,-1253.5226861339536,66076.86727617274
2025-04-17,70.94344329833984,137.338623046875,20.429777921157054,1.8982748000396867,-1737.5924198950631,581.2337374190332,-692.1743441101924,0.0,4.803245293212234,15.533533250421996,-712.5111226538266,65364.35615351891
2025-04-21,70.71991729736328,136.27139282226562,20.563246002931912,1.883675024187278,-1737.5924198950631,581.2337374190332,-231.9131271899298,0.0,4.891697988748037,15.838460548714073,-252.6432857273919,65111.71286779152
2025-04-22,71.8180923461914,137.93475341796875,21.10501824714003,2.008578070020076,-1737.5924198950631,581.2337374190332,-941.3793448455639,0.0,4.876285406012071,15.715383125671163,-961.971013377247,64149.74185441427
2025-04-23,71.23500061035156,136.78097534179688,20.907871302315115,1.8950164164962933,-1737.5924198950631,581.2337374190332,342.5610369332461,0.0,4.952006860002612,15.907208779583085,321.70182129366043,64471.44367570793
2025-04-24,70.47696685791016,130.09864807128906,22.38511091411234,2.328143735520891,-1737.5924198950631,581.2337374190332,-2566.8403518275845,0.0,4.911801471895519,15.774150298756592,-2587.5263035982366,61883.917372109696
2025-04-25,69.8841552734375,128.24298095703125,22.41302966885859,2.2709933307840244,-1737.5924198950631,581.2337374190332,-48.511416619990996,0.0,4.859533467837313,15.00351655786485,-68.37446664569316,61815.542905464004
2025-04-28,69.76753234863281,128.60833740234375,22.174193105361844,2.1296388944707436,-1737.5924198950631,581.2337374190332,415.0006023257339,0.0,4.818657875948198,14.789513317343882,395.3924311324418,62210.93533659645
2025-04-29,70.31175231933594,129.1371612548828,22.541518736098766,2.1890012745765266,-1737.5924198950631,581.2337374190332,-638.2622316016524,0.0,4.8106164826892055,14.831647740399266,-657.9044958247408,61553.03084077171
2025-04-30,70.50611877441406,130.35826110839844,22.327420914114967,2.062475314629449,-1737.5924198950631,581.2337374190332,372.01475259509635,0.0,4.848141581730843,14.892633903940457,352.27397710942506,61905.30481788114
2025-05-01,69.28162384033203,128.4064178466797,21.75582774276821,1.8315440990445406,-1737.5924198950631,581.2337374190332,993.1959617958973,0.0,4.8615435531207485,15.03345621180171,973.3009620309748,62878.60577991211
2025-05-02,69.63148498535156,128.59872436523438,22.041361353188847,1.8808756293990045,-1737.5924198950631,581.2337374190332,-496.1410370921612,0.0,4.777112080277065,14.80836153841581,-515.7265107108541,62362.87926920126
2025-05-05,69.68006896972656,126.90652465820312,22.655994975508612,2.0509807916141978,-1737.5924198950631,581.2337374190332,-1067.9827231554668,0.0,4.80123573399142,14.830539125024854,-1087.6144980144832,61275.264771186776
2025-05-06,69.69950103759766,125.70465850830078,23.077457546152814,2.1438405683311523,-1737.5924198950631,581.2337374190332,-732.3301680208622,0.0,4.804585700776273,14.635387624989704,-751.7701413466282,60523.49462984015
2025-05-07,70.3603515625,126.83920288085938,23.358797054329045,2.171099753430153,-1737.5924198950631,581.2337374190332,-488.85339682402275,0.0,4.805925582277689,14.49678342773074,-508.15610583403117,60015.33852400612
2025-05-08,69.16499328613281,126.36807250976562,22.32103434713393,1.7303849232349409,-1737.5924198950631,581.2337374190332,1803.2086136720163,0.0,4.851492600640944,14.62762379795494,1783.7294972734203,61799.06802127954
2025-05-09,68.53330993652344,125.41621398925781,22.00775264283233,1.5533039735018574,-1737.5924198950631,581.2337374190332,544.3559146862657,0.0,4.769070160955448,14.573291086367156,525.0135534389431,62324.08157471848
2025-05-12,67.57120513916016,126.60845184326172,20.646838057948806,1.0387417940403,-1737.5924198950631,581.2337374190332,2364.7148668182513,0.0,4.725514280000879,14.46351880752412,2345.5258337307264,64669.60740844921
2025-05-13,67.01725006103516,125.29121398925781,20.53350592004056,0.9698731124136124,-1737.5924198950631,581.2337374190332,196.92506375986022,0.0,4.659175152895992,14.601012629701726,177.6648759772625,64847.27228442647
2025-05-14,67.21162414550781,123.50286102294922,21.326093409757434,1.2012485092199752,-1737.5924198950631,581.2337374190332,-1377.1940142356887,0.0,4.62097879794709,14.449103288242892,-1396.2640963218787,63451.00818810459
2025-05-15,69.59259796142578,126.43538665771484,22.726122088452207,1.6181019089322501,-1737.5924198950631,581.2337374190332,-2432.679219735739,0.0,4.634381295399617,14.242862994903216,-2451.556464026042,60999.45172407855
2025-05-16,69.97161865234375,126.89688873291016,22.950767925450975,1.6251311985374752,-1737.5924198950631,581.2337374190332,-390.34290353004087,0.0,4.798554392800717,14.581054033548444,-409.72251195639006,60589.72921212216
2025-05-19,69.90357971191406,126.71421813964844,22.943833252295008,1.5574303606660596,-1737.5924198950631,581.2337374190332,12.049635510255897,0.0,4.824688657861131,14.634276370054875,-7.40932951766011,60582.319882604505
2025-05-20,69.67035675048828,126.72381591796875,22.707399783905593,1.4236472622120426,-1737.5924198950631,581.2337374190332,410.8250024829508,0.0,4.819997231386992,14.61321003838066,391.3917952131832,60973.711677817686
2025-05-21,69.82584381103516,125.13737487792969,23.39355965606184,1.5853869041254154,-1737.5924198950631,581.2337374190332,-1192.2661926948572,0.0,4.803916023056876,14.614316894048125,-1211.6844256119623,59762.02725220572
2025-05-22,69.13584899902344,125.10852813720703,22.713214229447182,1.3179976968101816,-1737.5924198950631,581.2337374190332,1182.1630561958943,0.0,4.814637179318702,14.431361922838436,1162.9170570937372,60924.944309299455
2025-05-23,69.74809265136719,124.35857391357422,23.576321485536177,1.5341467716080999,-1737.5924198950631,581.2337374190332,-1499.7286257366572,0.0,4.767060601734635,14.428035196861728,-1518.9237215352534,59406.0205877642
2025-05-27,69.7578125,126.31038665771484,22.93314977972294,1.282913227236712,-1737.5924198950631,581.2337374190332,1117.5702807120524,0.0,4.809276075125165,14.341547360295205,1098.419457276632,60504.440045040836
2025-05-28,69.14556884765625,125.63735961914062,22.546037186041488,1.1233981309915135,-1737.5924198950631,581.2337374190332,672.6439084268112,0.0,4.809946278907185,14.566638514267218,653.2673236336368,61157.70736867447
2025-05-29,69.47598266601562,126.83920288085938,22.47442815784467,1.064886964649695,-1737.5924198950631,581.2337374190332,124.42730459083612,0.0,4.767730805516655,14.489022240256395,105.17055154506308,61262.87792021954
2025-05-30,70.06879425048828,126.3873062133789,23.218401537200585,1.2570546297356775,-1737.5924198950631,581.2337374190332,-1292.7225045725486,0.0,4.790513525604347,14.62762379795494,-1312.140641896108,59950.73727832343
2025-06-02,69.97161865234375,125.86811065673828,23.294899563769384,1.2431097379550131,-1737.5924198950631,581.2337374190332,-132.92239110287954,0.0,4.831389117493462,14.575509196969447,-152.32928941734247,59798.40798890609
2025-06-03,69.15528869628906,126.77191925048828,22.176240913803568,0.8637681752686199,-1737.5924198950631,581.2337374190332,1943.7727906306482,0.0,4.824688657861131,14.51563340850961,1924.4324685642775,61722.84045747037
2025-06-04,69.35935974121094,126.6661605834961,22.415688785060837,0.909746475225615,-1737.5924198950631,581.2337374190332,-416.062806056639,0.0,4.7684010092986755,14.619864370187539,-435.4510714361252,61287.38938603424
2025-06-05,68.9123306274414,126.06041717529297,22.171284004268145,0.805183571078748,-1737.5924198950631,581.2337374190332,424.6758944914999,0.0,4.782472132345354,14.607667841362078,405.2857545177925,61692.67514055203
2025-06-06,69.33992767333984,126.39381408691406,22.48735804237331,0.8790965121449549,-1737.5924198950631,581.2337374190332,-549.207852737155,0.0,4.751648545061293,14.537810995118654,-568.4973122773349,61124.1778282747
2025-06-09,69.74809265136719,126.3257827758789,22.918279849172308,0.9901844497123362,-1737.5924198950631,581.2337374190332,-748.7664650614281,0.0,4.781132250843938,14.576259711980857,-768.1238570242529,60356.05397125045
2025-06-10,70.31175231933594,128.14346313476562,22.87391594594437,0.9464521969301432,-1737.5924198950631,581.2337374190332,77.08638196582899,0.0,4.809276075125165,14.568414058573218,57.708691832130604,60413.762663082576
2025-06-11,70.03964233398438,126.26744842529297,23.22934267665751,1.0379145602012938,-1737.5924198950631,581.2337374190332,-617.5867931152422,0.0,4.848141581730843,14.778036508658317,-637.2129712056314,59776.54969187694
2025-06-12,70.20484161376953,128.600341796875,22.61417694227749,0.7998875157431682,-1737.5924198950631,581.2337374190332,1068.9073170379022,0.0,4.829379032210024,14.561686698928186,1049.516251306764,60826.065943183705
2025-06-13,69.50994873046875,127.19088745117188,22.390753897181916,0.6966554654126241,-1737.5924198950631,581.2337374190332,388.21818958793676,0.0,4.8407698661912475,14.830725653960865,368.54669406778464,61194.61263725149
2025-06-16,69.02058410644531,127.73522186279297,21.719306570189836,0.4308089746626927,-1737.5924198950631,581.2337374190332,1166.7017857402413,0.0,4.792855556403054,14.668181523588938,1147.2407486602494,62341.85338591174
2025-06-17,68.13972473144531,125.67449951171875,21.52776958183454,0.3347012885440822,-1737.5924198950631,581.2337374190332,332.8132190956976,0.0,4.759112847622582,14.730956429238205,313.3231498188368,62655.17653573058
2025-06-18,67.73843383789062,125.46066284179688,21.19800817093231,0.18168444099745365,0.0,0.0,572.9909279576101,95.31187956744441,4.698375761392679,14.493305366956895,458.4873672618162,63113.6639029924
2025-06-20,67.37629699707031,125.46066284179688,20.835871330112,0.007510645423145365,0.0,0.0,0.0,0.0,-0.0,0.0,0.0,63113.6639029924
2025-06-23,68.25716400146484,125.4801025390625,21.710235654265396,0.32937884740722617,0.0,0.0,0.0,0.0,-0.0,0.0,0.0,63113.6639029924
2025-06-24,68.71717071533203,127.38530731201172,21.53294142341695,0.22445466078492118,0.0,0.0,0.0,0.0,-0.0,0.0,0.0,63113.6639029924
2025-06-25,68.14950561523438,124.44002532958984,21.950488525441692,0.37827219767632336,0.0,0.0,-0.0,0.0,-0.0,0.0,0.0,63113.6639029924
2025-06-26,67.99291229248047,124.63443756103516,21.72886329613184,0.24620727637422987,0.0,0.0,0.0,0.0,-0.0,0.0,0.0,63113.6639029924
2025-06-27,68.83462524414062,127.37556457519531,21.65365494856303,0.17944966921022587,0.0,0.0,0.0,0.0,-0.0,0.0,0.0,63113.6639029924
2025-06-30,69.24568939208984,128.34759521484375,21.73956977202176,0.1912992847488368,0.0,0.0,0.0,0.0,-0.0,0.0,0.0,63113.6639029924
2025-07-01,70.14613342285156,131.47755432128906,21.59302613837032,0.08014842187414416,0.0,0.0,0.0,0.0,-0.0,0.0,0.0,63113.6639029924
2025-07-02,69.40229797363281,132.66343688964844,20.452506777864002,-0.5696011393791169,0.0,0.0,0.0,0.0,-0.0,0.0,0.0,63113.6639029924
2025-07-03,69.83293151855469,131.59422302246094,21.240797944337416,-0.19367939542828516,0.0,0.0,0.0,0.0,-0.0,0.0,0.0,63113.6639029924
2025-07-07,69.50016784667969,130.69020080566406,21.210434424398173,-0.2939526964399179,0.0,0.0,-0.0,0.0,-0.0,0.0,0.0,63113.6639029924
2025-07-08,68.74653625488281,131.26368713378906,20.26496866134326,-1.0484776252948909,0.0,0.0,0.0,0.0,-0.0,0.0,0.0,63113.6639029924
2025-07-09,68.00270080566406,130.71937561035156,19.70320825887623,-1.6810055708203595,1790.0453242226217,-598.7795078032244,-0.0,100.0,-0.0,0.0,-100.0,63013.6639029924
2025-07-10,68.2865219116211,132.27464294433594,19.46678432067494,-2.0255755281099077,1790.0453242226217,-598.7795078032244,-423.2095651115201,0.0,3.1060350550917115,24.152364407081123,-450.4679645736929,62563.19593841871
2025-07-11,68.38440704345703,131.47755432128906,19.83129975897579,-1.7999006960621529,1790.0453242226217,-598.7795078032244,652.4991559373925,0.0,3.142989904645108,24.253168503040264,625.1029975297072,63188.29893594841
2025-07-14,67.99291229248047,131.77890014648438,19.339003255972436,-2.359126125547248,1790.0453242226217,-598.7795078032244,-881.2330533323011,0.0,3.124050208875919,24.28793414243587,-908.6450376836129,62279.6538982648
2025-07-15,67.88524627685547,130.06809997558594,19.803608830579435,-1.927114149212715,1790.0453242226217,-598.7795078032244,831.6650364330276,0.0,3.1312105146254834,24.148887843141562,804.3849380752605,63084.038836340056
2025-07-16,67.79715728759766,131.5650634765625,19.214777733742082,-2.4572836412695422,1790.0453242226217,-598.7795078032244,-1054.0343516505818,0.0,3.0905600350905527,24.110648349521085,-1081.2355600351934,62002.80327630486
2025-07-17,69.0890884399414,141.37289428710938,17.225938267661988,-4.137039475520988,0.0,0.0,-3560.1127868860845,104.16189588733646,3.126129521928415,24.079361983779727,-3691.4801742791287,58311.32310202573
2025-07-18,68.36483001708984,139.2344207763672,17.21701040034735,-3.6407080221540715,0.0,0.0,-0.0,0.0,-0.0,0.0,0.0,58311.32310202573
2025-07-21,68.58014678955078,137.7374725341797,17.933064176243214,-2.736504072684325,0.0,0.0,0.0,0.0,-0.0,0.0,0.0,58311.32310202573
2025-07-22,68.17887878417969,141.9561004638672,16.12064310052167,-3.788864248935872,0.0,0.0,0.0,0.0,-0.0,0.0,0.0,58311.32310202573
2025-07-23,67.68949890136719,141.58673095703125,15.75481924643531,-3.571103747674273,0.0,0.0,-0.0,0.0,-0.0,0.0,0.0,58311.32310202573
2025-07-24,67.63077545166016,140.46888732910156,16.070020327171882,-3.0124003500439795,0.0,0.0,-0.0,0.0,-0.0,0.0,0.0,58311.32310202573
2025-07-25,67.69927978515625,139.43853759765625,16.48318202588186,-2.543073692959037,0.0,0.0,0.0,0.0,-0.0,0.0,0.0,58311.32310202573
2025-07-28,66.64224243164062,137.61111450195312,16.037427239900417,-2.5959100757631757,0.0,0.0,-0.0,0.0,-0.0,0.0,0.0,58311.32310202573
2025-07-29,67.90481567382812,139.86624145507812,16.545648740959585,-2.177757151337907,1743.8189762332447,-583.3165530265679,0.0,100.0,-0.0,0.0,-100.0,58211.32310202573
2025-07-30,67.28821563720703,138.8650360107422,16.26395715333529,-2.186973896083833,1743.8189762332447,-583.3165530265679,-491.2191359445046,0.0,3.237551343268168,23.49478296619884,-517.9514702539716,57693.371631771755
2025-07-31,66.44650268554688,134.06317138671875,17.02849299169342,-1.7304137785398312,1743.8189762332447,-583.3165530265679,1333.2121029392922,0.0,3.2143759580038234,23.281441925602415,1306.716285055686,59000.08791682744
2025-08-01,67.39588165283203,135.38514709472656,17.535664181858465,-1.4381420767613988,1743.8189762332447,-583.3165530265679,884.4147456086025,0.0,3.1032248817901107,22.990212755434502,858.3213079713779,59858.409224798816
2025-08-04,67.49374389648438,135.65731811523438,17.54248379799033,-1.3829063334949634,1743.8189762332447,-583.3165530265679,11.892176021377907,0.0,3.1338252910432844,23.318693917892553,-14.56034318755793,59843.84888161126
2025-08-05,67.58184051513672,135.55039978027344,17.666345157968905,-1.282143927861159,1743.8189762332447,-583.3165530265679,215.99178995269472,0.0,3.14012536491298,23.352553845975436,189.4991107418063,60033.34799235306
2025-08-06,68.03205871582031,136.8626251220703,17.677617129942185,-1.2330058586215829,1743.8189762332447,-583.3165530265679,19.65627862657493,0.0,3.137650474650887,23.38303490854447,-6.864406756620426,60026.48358559644
2025-08-07,68.9324951171875,139.89540100097656,17.563574163957256,-1.2389566624622441,1743.8189762332447,-583.3165530265679,-198.8702881904378,0.0,3.1680251874751355,23.538808527948767,-225.5771219058617,59800.90646369058
2025-08-08,68.84440612792969,141.14932250976562,17.05604188256791,-1.411279821104412,1743.8189762332447,-583.3165530265679,-885.0444233376892,0.0,3.2382263133396476,23.85035576675735,-912.1330054177862,58888.77345827279
2025-08-11,69.24568939208984,140.81883239746094,17.56787581497194,-1.157607139492845,1743.8189762332447,-583.3165530265679,892.5457240062319,0.0,3.2672514392234855,23.819877343926997,865.4585952230814,59754.23205349588
2025-08-12,69.20654296875,142.76290893554688,16.878425638506506,-1.3977691142629691,1743.8189762332447,-583.3165530265679,-1202.2763008877919,0.0,3.2596014252108296,23.95871967942051,-1229.4946219924232,58524.737431503454
2025-08-13,68.96186065673828,145.17355346679688,15.827370143437385,-1.7659621934281358,1743.8189762332447,-583.3165530265679,-1832.8505173757553,0.0,3.3046019023940083,23.945175180239623,-1860.100294458389,56664.637137045065
2025-08-14,68.07120513916016,144.46395874023438,15.17407776709446,-1.948489674664891,1743.8189762332447,-583.3165530265679,-1139.2236428953092,0.0,3.360402253923417,23.86051612094703,-1166.4445612701797,55498.19257577488
2025-08-15,68.43333435058594,146.19418334960938,14.95743781219172,-1.9428611510354996,1743.8189762332447,-583.3165530265679,-377.78086436970693,0.0,3.3439769225764224,23.552353027129655,-404.677194319413,55093.51538145547
2025-08-18,67.6601333618164,145.36795043945312,14.460616046104185,-2.040249627529685,1743.8189762332447,-583.3165530265679,-866.3672235091628,0.0,3.3840272660328656,23.677648223703592,-893.4288989988993,54200.08648245657
2025-08-19,68.63887023925781,147.90496826171875,14.59070721477621,-1.8996841781417926,1743.8189762332447,-583.3165530265679,226.85544857064156,0.0,3.364902054399951,23.41012390690625,200.08042260933536,54400.16690506591
2025-08-20,69.1967544555664,146.51495361328125,15.613558589048885,-1.4449545490578546,1743.8189762332447,-583.3165530265679,1783.6676363229371,0.0,3.4236276294416554,23.748762783815295,1756.4952459096803,56156.66215097559
2025-08-21,69.1576156616211,144.8138885498047,16.14343494107039,-1.206236735025207,1743.8189762332447,-583.3165530265679,924.0084377123496,0.0,3.391452290021695,23.941788395509725,896.6751970268182,57053.33734800241
2025-08-22,68.63887023925781,145.45542907714844,15.410090862460493,-1.4337504613295529,1743.8189762332447,-583.3165530265679,-1278.8193203882222,0.0,3.3520769166367317,23.928246536067522,-1306.0996438409263,55747.23770416148
2025-08-25,67.46438598632812,144.05569458007812,14.703825107615451,-1.6387156039427553,1743.8189762332447,-583.3165530265679,-1231.5996255624832,0.0,3.3669269646143904,23.748762783815295,-1258.7153153109127,54488.52238885057
2025-08-26,67.26864624023438,142.88926696777344,14.898261488423515,-1.506578097243391,1743.8189762332447,-583.3165530265679,339.06185052322195,0.0,3.3345266351706035,23.34239613152444,312.3849277565269,54800.907316607096
2025-08-27,67.36651611328125,143.51136779785156,14.788035385464909,-1.4968989274501072,1743.8189762332447,-583.3165530265679,-192.21437001545937,0.0,3.3075267727037554,23.274670995881312,-218.79656778404444,54582.11074882305
2025-08-28,66.90650939941406,142.86981201171875,14.542632431988956,-1.5380155052682452,1743.8189762332447,-583.3165530265679,-427.93832709505585,0.0,3.3219268406337608,23.308533563702877,-454.5687874993925,54127.54196132366
2025-08-29,67.52310943603516,144.49313354492188,14.616222939463142,-1.4561457932512356,1743.8189762332447,-583.3165530265679,128.3285234041267,0.0,3.3070764394535526,23.149373159568686,101.87207380510448,54229.414035128764
2025-09-02,67.59162139892578,146.07754516601562,14.15474094197836,-1.5711183251496728,1743.8189762332447,-583.3165530265679,-804.7410644039832,0.0,3.3446522458504515,23.362714200165115,-831.4484308499987,53397.96560427877
2025-09-03,67.52310943603516,144.4833984375,14.619479383728326,-1.3503693513325756,1743.8189762332447,-583.3165530265679,810.4197137086546,0.0,3.3813273857469452,23.38641905353568,783.651967269372,54181.61757154814
2025-09-04,66.7988510131836,142.78233337402344,14.464236106843579,-1.3630163524712045,1743.8189762332447,-583.3165530265679,-270.7161721642476,0.0,3.3444269026240754,23.362714200165115,-297.4233132670368,53884.1942582811
2025-09-05,66.51500701904297,143.6883087158203,13.877338630256318,-1.5338447264159805,1743.8189762332447,-583.3165530265679,-1023.4429567762795,0.0,3.305051529239113,23.11212380701723,-1049.860132112536,52834.334126168564
2025-09-08,65.99628448486328,139.0946807861328,14.89520862451662,-1.1224210226329208,1743.8189762332447,-583.3165530265679,1774.9810113295453,0.0,3.326022577394034,23.013914969066388,1748.6410737830847,54582.975199951645
2025-09-09,66.41714477539062,140.45904541015625,14.859681824179845,-1.1080654013456046,1743.8189762332447,-583.3165530265679,-61.952308592122336,0.0,3.2196916563689597,22.83443913603021,-88.00643938452151,54494.96876056712
2025-09-10,66.37799072265625,140.0271453857422,14.965000584809097,-1.039096751353346,1743.8189762332447,-583.3165530265679,183.65685333866116,0.0,3.2512732623037506,22.98005504098351,157.4255250353739,54652.394285602495
2025-09-11,66.1822509765625,141.5681610107422,14.253783065628625,-1.2809374759672936,1743.8189762332447,-583.3165530265679,-1240.2346061764406,0.0,3.2412758641492547,22.966507902063935,-1266.4423899426538,53385.95189565984
2025-09-12,65.58522033691406,140.88108825683594,13.886581849761768,-1.3839908769529825,1743.8189762332447,-583.3165530265679,-640.3324483245524,0.0,3.276946495995885,22.898782766420812,-666.508177586969,52719.44371807287
2025-09-15,65.29920196533203,138.04441833496094,14.549444378923496,-1.0869165493945034,1743.8189762332447,-583.3165530265679,1155.9122569861913,0.0,3.261042491611478,22.69221265554549,1129.9590018390343,53849.40271991191
2025-09-16,65.32878875732422,137.4456787109375,14.779312701513653,-0.9647596399939024,1743.8189762332447,-583.3165530265679,400.84874296761717,0.0,3.1953807249090067,22.593251492070078,375.0601107506381,54224.462830662545
2025-09-17,66.11778259277344,138.62353515625,15.174307405743463,-0.7792467685797382,1743.8189762332447,-583.3165530265679,688.7992607475841,0.0,3.181521410081793,22.603488398681552,663.0142509388207,54887.47708160137
2025-09-18,65.54576110839844,138.1327667236328,14.766450524661678,-0.917668397216819,1743.8189762332447,-583.3165530265679,-711.2285688177242,0.0,3.2087858212579765,22.876476974552066,-737.3138316135341,54150.16324998783
2025-09-19,65.51617431640625,139.1437530517578,14.398683526973656,-1.042566844436883,1743.8189762332447,-583.3165530265679,-641.3190694007042,0.0,3.19742576766875,22.67855992707861,-667.1950550954515,53482.96819489238
2025-09-22,65.29920196533203,138.42723083496094,14.421391598790422,-1.010284527736843,1743.8189762332447,-583.3165530265679,39.59876654774405,0.0,3.220827555767117,22.668323020467135,13.709615971509798,53496.67781086389
2025-09-23,65.79232025146484,139.28115844726562,14.628866639762705,-0.8978424217958503,1743.8189762332447,-583.3165530265679,361.79891354223554,0.0,3.2042418704627957,22.593251492070078,336.0014201797027,53832.67923104359
2025-09-24,65.53589630126953,139.5461883544922,14.283788801727333,-1.032881840417286,1743.8189762332447,-583.3165530265679,-601.753282243624,0.0,3.224008144722469,22.763868362087145,-627.7411587504336,53204.93807229316
2025-09-25,65.07237243652344,137.33770751953125,14.559013308017626,-0.8876214931672038,1743.8189762332447,-583.3165530265679,479.9417167934405,0.0,3.23014291979915,22.67514674496189,454.03642712867946,53658.97449942184
2025-09-26,64.7666244506836,137.84811401367188,14.082531684763424,-1.1063639601573536,1743.8189762332447,-583.3165530265679,-830.8976964570975,0.0,3.1790221488438064,22.514769421294982,-856.5914880272363,52802.3830113946
2025-09-29,65.13153839111328,137.58309936523438,14.536094408888552,-0.8534498260636487,1743.8189762332447,-583.3165530265679,790.9312852414471,0.0,3.1908367741138255,22.40898189358613,765.3314665737472,53567.71447796835
2025-09-30,65.40768432617188,137.84811401367188,14.723591560251705,-0.7401639618384311,0.0,0.0,326.9610905367388,97.23412391356035,3.1847023522396944,22.535240594779253,204.0070236761595,53771.72150164451
